content,level,method,cc,jsd,sim,kl,auc_judd
arab_mountain,18,FreeLook prior,0.8997308015823364,0.30575239658355713,0.6639595968596393,0.7743665777728747,0.7994373566808528
arab_mountain,18,Artifact only (NR),0.003511120332404971,0.47982117533683777,0.45968887027670335,1.3216082937349365,0.4260782393639863
arab_mountain,18,Artifact only (FR),0.005989122670143843,0.5179758667945862,0.4169532198713357,1.8427204085860105,0.4256598617228471
arab_mountain,18,Fixed mixture (NR),0.8162985450355414,0.30938670434813426,0.6910434973223714,0.40691543843559547,0.7148017284080554
arab_mountain,18,Fixed mixture (FR),0.7904140187576293,0.32813542903254256,0.6701964244892474,0.48490369723678434,0.7080985336491964
arab_mountain,18,TAS NR,0.8858152031898499,0.27940815687179565,0.7126148483094513,0.3632352370101338,0.7661597989607052
arab_mountain,18,TAS FR,0.8611090779304504,0.2983327805995941,0.705458430172931,0.4189980374560127,0.7439870980227518
arab_mountain,38,FreeLook prior,0.9254849553108215,0.2869028151035309,0.6982978096590811,1.282324297405138,0.8002596095856869
arab_mountain,38,Artifact only (NR),0.03586035594344139,0.42548564076423645,0.5206065587979852,0.907411223735904,0.42032705547883703
arab_mountain,38,Artifact only (FR),0.03307216614484787,0.4418628513813019,0.4984859756410945,1.022492985420434,0.41418473647108855
arab_mountain,38,Fixed mixture (NR),0.8810989144714985,0.2584773198902024,0.7427573082372829,0.2747315897807195,0.7218602073962861
arab_mountain,38,Fixed mixture (FR),0.8699108218743753,0.26857642598803616,0.731860784560755,0.3044205734171851,0.7119604116750081
arab_mountain,38,TAS NR,0.9189125895500183,0.24011686444282532,0.7530867225583011,0.2777196890612447,0.7757632917337509
arab_mountain,38,TAS FR,0.9073379635810852,0.24760843813419342,0.7534642027606271,0.2827869541753788,0.7527491642769265
arab_mountain,47,FreeLook prior,0.8750225901603699,0.25289663672447205,0.7380044641984529,0.48203745435474254,0.855757223777459
arab_mountain,47,Artifact only (NR),0.008115899749100208,0.41247522830963135,0.5356858752058781,0.8237624527191159,0.4006020617496284
arab_mountain,47,Artifact only (FR),0.004456672817468643,0.42693862318992615,0.5159575107800666,0.9092020581477527,0.3946683843981547
arab_mountain,47,Fixed mixture (NR),0.7883942638389898,0.260820291036422,0.7296996598187534,0.2696964968440807,0.7681843761210008
arab_mountain,47,Fixed mixture (FR),0.7702201654927843,0.26836082778713205,0.7204263473587921,0.28817749696121403,0.7561597761687581
arab_mountain,47,TAS NR,0.8609851598739624,0.22813189029693604,0.7728401103517861,0.22422291444237852,0.8277523277717092
arab_mountain,47,TAS FR,0.838353157043457,0.24069026112556458,0.7636061472806688,0.24178035792044844,0.8048000521453194
arab_mountain,64,FreeLook prior,0.8997904062271118,0.28035083413124084,0.7169112481514859,0.9517952019966878,0.8443794817619252
arab_mountain,64,Artifact only (NR),0.04019584879279137,0.41233453154563904,0.5304717150567887,0.8360532431278305,0.44240360467720174
arab_mountain,64,Artifact only (FR),0.037031736224889755,0.4244450032711029,0.5145959561825305,0.9017992247723599,0.4391490129238911
arab_mountain,64,Fixed mixture (NR),0.8339524979903389,0.263418887586005,0.7079887773894575,0.2763862473077861,0.7642316157735912
arab_mountain,64,Fixed mixture (FR),0.8198981024891173,0.27060002191376614,0.6998892334211863,0.2939702039402842,0.7577294632056253
arab_mountain,64,TAS NR,0.8894760608673096,0.2401905655860901,0.7481738022508734,0.25068687354740893,0.8219322445247133
arab_mountain,64,TAS FR,0.8725054860115051,0.2483362853527069,0.736311979565917,0.25882558537583134,0.7995488365665978
bear_fish,19,FreeLook prior,0.8356127142906189,0.3576905131340027,0.6207053936567407,2.6745982940904316,0.7595572584958111
bear_fish,19,Artifact only (NR),0.1785062998533249,0.4652877449989319,0.4737056827947325,1.4057710515720052,0.5762352850994006
bear_fish,19,Artifact only (FR),0.1675126850605011,0.5112149119377136,0.42687929701654886,2.2062306824817153,0.5810396965882193
bear_fish,19,Fixed mixture (NR),0.7731986213042411,0.32615140503145607,0.6802450865943445,0.8013912788102685,0.7178812316883617
bear_fish,19,Fixed mixture (FR),0.7522598009011447,0.35251846184027996,0.6577134588726021,1.2252859947108243,0.7116506213156459
bear_fish,19,TAS NR,0.8354507684707642,0.31638121604919434,0.6795762911090021,0.8792150839196284,0.734617092590929
bear_fish,19,TAS FR,0.8179340362548828,0.3338889479637146,0.6727871288438911,1.2366294838534235,0.7246376168856699
bear_fish,25,FreeLook prior,0.8902362585067749,0.30297374725341797,0.6637600268319058,1.1368823420180014,0.8957862710069175
bear_fish,25,Artifact only (NR),0.16251659393310547,0.4746553301811218,0.4526975384924599,1.3355643603016873,0.5920428982807098
bear_fish,25,Artifact only (FR),0.14992113411426544,0.5144380927085876,0.4125849022196412,1.9297755449551293,0.5938835484995328
bear_fish,25,Fixed mixture (NR),0.8069061420421907,0.29723367011851226,0.7008486366052956,0.44582509177455165,0.8012718816982193
bear_fish,25,Fixed mixture (FR),0.7842178665992421,0.3192616619826016,0.6791285487683032,0.5627427440361198,0.8007925974849505
bear_fish,25,TAS NR,0.8845553994178772,0.2650688886642456,0.7193971500626763,0.3951149209911212,0.8516343242572972
bear_fish,25,TAS FR,0.8613368272781372,0.28737983107566833,0.7082080231398394,0.4918708136987275,0.8298601598168598
bear_fish,32,FreeLook prior,0.9234223365783691,0.3245520293712616,0.6613609206831376,1.9849982228136547,0.9099209401628623
bear_fish,32,Artifact only (NR),0.20634055137634277,0.4516048729419708,0.4829599866142501,1.149937677629863,0.7089787742878277
bear_fish,32,Artifact only (FR),0.1940760612487793,0.4888542890548706,0.44486473435551693,1.612905167623528,0.7158399561746531
bear_fish,32,Fixed mixture (NR),0.8739017313913937,0.2811360375307025,0.7309675965753408,0.44001296191045297,0.8738652613746373
bear_fish,32,Fixed mixture (FR),0.8563631278105177,0.30510001764258216,0.7106995138996784,0.6158587537464547,0.8700141650154688
bear_fish,32,TAS NR,0.9264731407165527,0.26655277609825134,0.7332608424475925,0.4682690383768519,0.9019961052233815
bear_fish,32,TAS FR,0.9132824540138245,0.2829350233078003,0.7304123920033772,0.5979129958908167,0.8896971293619215
bear_fish,64,FreeLook prior,0.8222271203994751,0.33695748448371887,0.6368371188335279,1.4590955353744892,0.7810467871309279
bear_fish,64,Artifact only (NR),0.2227480411529541,0.4520489275455475,0.48824411102031595,1.104885469022166,0.6511548967759891
bear_fish,64,Artifact only (FR),0.20891904830932617,0.4854685366153717,0.45367456549870205,1.4556926644944768,0.653701815268515
bear_fish,64,Fixed mixture (NR),0.7855953493231568,0.30669902178196484,0.6935876771705026,0.49105211747189254,0.7825186303720866
bear_fish,64,Fixed mixture (FR),0.7692716965705864,0.32432696041813486,0.6779430509682238,0.6025952579323839,0.7782811422158578
bear_fish,64,TAS NR,0.8302042484283447,0.2951785624027252,0.6958846020535463,0.5103503307739615,0.7828926639936734
bear_fish,64,TAS FR,0.8198105692863464,0.3060646951198578,0.6942167781181288,0.5795271742046417,0.7820929158531382
bird_bushes,18,FreeLook prior,0.8931719064712524,0.3076459467411041,0.6777796328677228,1.3898518829618691,0.9232821644299269
bird_bushes,18,Artifact only (NR),0.0031281281262636185,0.47080716490745544,0.4839012856652162,1.8370389309259882,0.5379181453403284
bird_bushes,18,Artifact only (FR),0.012225290760397911,0.5064274668693542,0.4400157792331703,2.344433165397619,0.5417991770910536
bird_bushes,18,Fixed mixture (NR),0.7908850379541476,0.2902636591108784,0.7017214502059431,0.36878082965440984,0.8478830151052963
bird_bushes,18,Fixed mixture (FR),0.7630315947077757,0.31269252305889833,0.6790535309345901,0.48487848171681164,0.84226281707772
bird_bushes,18,TAS NR,0.8797605633735657,0.26349103450775146,0.7277952399995136,0.34810525930807074,0.9103297961700993
bird_bushes,18,TAS FR,0.8512420058250427,0.2845296561717987,0.7171998556510017,0.439798391684332,0.8844586518701543
bird_bushes,21,FreeLook prior,0.9242678880691528,0.23895512521266937,0.7751592783884873,0.7567552013332046,0.8658353236734923
bird_bushes,21,Artifact only (NR),-0.03164180368185043,0.49792084097862244,0.44041191008685365,1.7963192963280936,0.4969787234636512
bird_bushes,21,Artifact only (FR),-0.025819405913352966,0.5313990116119385,0.3991041714701478,2.3936047664540943,0.4993932328939216
bird_bushes,21,Fixed mixture (NR),0.7679604129606262,0.30828043461722915,0.6671881687977897,0.39970754417928817,0.7689931774154127
bird_bushes,21,Fixed mixture (FR),0.7323503110142955,0.32732856181233294,0.6469722433631291,0.4957507979886028,0.7610569302408755
bird_bushes,21,TAS NR,0.8975191116333008,0.25022467970848083,0.7543195243383625,0.30003719938950085,0.8320470545005163
bird_bushes,21,TAS FR,0.8525691628456116,0.28345200419425964,0.71323763682661,0.4034899008524272,0.8025389324365391
bird_bushes,42,FreeLook prior,0.902500569820404,0.25889289379119873,0.7262844369264412,0.8085312955435757,0.9233460315983939
bird_bushes,42,Artifact only (NR),0.018335256725549698,0.47745633125305176,0.46805143636713203,1.777576733021912,0.5503709837359511
bird_bushes,42,Artifact only (FR),0.026419177651405334,0.50665682554245,0.43084209983808835,2.159902038108237,0.5553707009106708
bird_bushes,42,Fixed mixture (NR),0.8090113235537,0.2790244548876851,0.7037698813439296,0.323649085919007,0.8409143978562984
bird_bushes,42,Fixed mixture (FR),0.7855233818532451,0.29653988669727277,0.6854300161533828,0.3807743412360317,0.8369368327635905
bird_bushes,42,TAS NR,0.8909376859664917,0.23118367791175842,0.7567274463815614,0.24573850106764067,0.9041265091521804
bird_bushes,42,TAS FR,0.8659359812736511,0.2571510374546051,0.7364918582875254,0.30339831058802924,0.8773640896286591
bird_bushes,64,FreeLook prior,0.8435468673706055,0.28953731060028076,0.6951690180018227,0.9581878954350072,0.8714363956225654
bird_bushes,64,Artifact only (NR),0.052450403571128845,0.4592478275299072,0.510342657263323,1.5905202197027104,0.6172158662838139
bird_bushes,64,Artifact only (FR),0.05956012383103371,0.48656174540519714,0.4741050042282972,1.9183267175902181,0.6232376672776924
bird_bushes,64,Fixed mixture (NR),0.7329081801610279,0.30279538197338873,0.6866157892112238,0.3967916892156308,0.8306373326984182
bird_bushes,64,Fixed mixture (FR),0.7111026002563947,0.3184156137568756,0.6709327195914334,0.46790511370213567,0.8289397796989126
bird_bushes,64,TAS NR,0.8271601796150208,0.27225440740585327,0.721456023792567,0.3558192870872304,0.8646912458178251
bird_bushes,64,TAS FR,0.7978540658950806,0.29097631573677063,0.7064194537622206,0.4151416317470631,0.8523436783106241
cat_fence,10,FreeLook prior,0.8368894457817078,0.33164340257644653,0.6630964239360009,1.3108371377569918,0.8372953853096146
cat_fence,10,Artifact only (NR),0.11826086044311523,0.5552888512611389,0.3524311227350044,2.132988763935925,0.6291747861035308
cat_fence,10,Artifact only (FR),0.10578687489032745,0.6109917163848877,0.27268624724342794,2.674044993918661,0.6725726170619193
cat_fence,10,Fixed mixture (NR),0.6962379920426569,0.3689341801198695,0.6085449113300738,0.6406876228097694,0.8002757706485285
cat_fence,10,Fixed mixture (FR),0.622968790166813,0.4005728456019169,0.5696639396800379,0.7795290502531977,0.8065949411483299
cat_fence,10,TAS NR,0.8243520855903625,0.32133084535598755,0.6767049706741493,0.5408165186934246,0.8247469109895403
cat_fence,10,TAS FR,0.7614926099777222,0.3582446575164795,0.6337761895341154,0.670455035952272,0.8170048595312916
cat_fence,11,FreeLook prior,0.8846998810768127,0.2793469727039337,0.7071880157966173,1.017846367719603,0.9220906763410349
cat_fence,11,Artifact only (NR),0.11430610716342926,0.5411855578422546,0.3632866279172962,1.9149880638043175,0.6337600776784683
cat_fence,11,Artifact only (FR),0.10584920644760132,0.596550464630127,0.28854447805988576,2.4094797189373205,0.6721124309729641
cat_fence,11,Fixed mixture (NR),0.7174196381606116,0.33420891794481516,0.6455894109481877,0.5447288779580249,0.8491233109730433
cat_fence,11,Fixed mixture (FR),0.6532401060994453,0.3687025611876261,0.6060041427089646,0.6858746049666885,0.8506804551234826
cat_fence,11,TAS NR,0.8632577657699585,0.2720112204551697,0.7192612738237111,0.4249337998801043,0.8961345250742715
cat_fence,11,TAS FR,0.7972931265830994,0.31829050183296204,0.6761800089550618,0.5685505691611378,0.8720714667022518
cat_fence,72,FreeLook prior,0.8878360390663147,0.33400559425354004,0.6524418296478621,1.9608929963713662,0.9081451762140273
cat_fence,72,Artifact only (NR),0.1531052440404892,0.4287385940551758,0.5128380557985925,0.96856874179158,0.5745591236253329
cat_fence,72,Artifact only (FR),0.15041843056678772,0.4431796669960022,0.49554886866697595,1.0616466982822566,0.5704363617226037
cat_fence,72,Fixed mixture (NR),0.8088050982014449,0.2695272985214048,0.7211300926537562,0.31877506705744707,0.8394530396223745
cat_fence,72,Fixed mixture (FR),0.795889589431628,0.2786494191316529,0.71089897914598,0.34566292883874794,0.8354692947991277
cat_fence,72,TAS NR,0.8812108039855957,0.26141878962516785,0.7286194400422203,0.3398067021671386,0.8841917175337725
cat_fence,72,TAS FR,0.8624080419540405,0.26337212324142456,0.7326890488366056,0.3322476453901175,0.8676909064605978
cat_fence,87,FreeLook prior,0.9331762790679932,0.3024255335330963,0.7077929050019822,1.9940011653122143,0.9403518698829825
cat_fence,87,Artifact only (NR),0.13493219017982483,0.431058406829834,0.5078302222133707,0.9917928886753984,0.6170237429901463
cat_fence,87,Artifact only (FR),0.13202989101409912,0.44265615940093994,0.49391430153053345,1.057737300921329,0.6153877925361336
cat_fence,87,Fixed mixture (NR),0.8466731730723693,0.24735003189403973,0.7498998343394534,0.2550055095931147,0.8916591939474128
cat_fence,87,Fixed mixture (FR),0.8348625064502984,0.25520394812076447,0.7408435821751121,0.2735635737639275,0.8884971494815599
cat_fence,87,TAS NR,0.926172137260437,0.22654974460601807,0.7790083123037831,0.2573085515840694,0.9318127563163507
cat_fence,87,TAS FR,0.9065372347831726,0.2318143993616104,0.7763053623338202,0.2509339064578058,0.9168597403256223
climber_mountains,10,FreeLook prior,0.8004456758499146,0.2796843945980072,0.7167407837302682,0.7750129035162323,0.8588008956767899
climber_mountains,10,Artifact only (NR),0.21839134395122528,0.5584317445755005,0.36475687951922775,3.5996588038117436,0.5365711571601338
climber_mountains,10,Artifact only (FR),0.2151438444852829,0.6184492111206055,0.2903815686252013,4.164456563387115,0.550071169875175
climber_mountains,10,Fixed mixture (NR),0.5574777482944276,0.3653116752145067,0.5986618350762128,0.745335016481379,0.7693316565893779
climber_mountains,10,Fixed mixture (FR),0.5236006580049746,0.3904380842188867,0.5669859493461716,0.8206270385207332,0.7758518540788508
climber_mountains,10,TAS NR,0.7367227673530579,0.30238857865333557,0.683027217884549,0.5776009836044841,0.8207640145624717
climber_mountains,10,TAS FR,0.6528165340423584,0.34116169810295105,0.6342768615844452,0.6738484085572585,0.8007366505356146
climber_mountains,11,FreeLook prior,0.8102605938911438,0.26866692304611206,0.7283865203892181,0.35289753795389134,0.8342625364463543
climber_mountains,11,Artifact only (NR),0.20134487748146057,0.5533362030982971,0.37543430519159404,3.088034289842061,0.556256821453176
climber_mountains,11,Artifact only (FR),0.19720891118049622,0.6113804578781128,0.3057794487508533,3.9055208279768485,0.5579307113191716
climber_mountains,11,Fixed mixture (NR),0.5419898883342098,0.3615873378186387,0.6036307725801434,0.5678806338992097,0.7528268348662213
climber_mountains,11,Fixed mixture (FR),0.5047296083857872,0.38471770886625245,0.5728849599099899,0.648239219349041,0.754772764587953
climber_mountains,11,TAS NR,0.7379051446914673,0.2983907163143158,0.6882535886038756,0.39399511978906643,0.8005713833553186
climber_mountains,11,TAS FR,0.642387330532074,0.3355260491371155,0.6405473785927245,0.49375337066500347,0.7799597775868775
climber_mountains,26,FreeLook prior,0.8120148777961731,0.2683059871196747,0.739376498035385,0.6002581864713673,0.8757617659938909
climber_mountains,26,Artifact only (NR),0.20840883255004883,0.5159016251564026,0.4269310407299537,2.024538331781315,0.512981684714457
climber_mountains,26,Artifact only (FR),0.21190133690834045,0.5490021705627441,0.390198061570957,2.7260088685914097,0.5223087305435536
climber_mountains,26,Fixed mixture (NR),0.5923835080654063,0.33749279654959263,0.641868218534966,0.5470457571488484,0.7765722289026186
climber_mountains,26,Fixed mixture (FR),0.5697762227187375,0.35163025416479265,0.6248565250208912,0.6375770377379055,0.7784065189775189
climber_mountains,26,TAS NR,0.7587140798568726,0.28338104486465454,0.7130012910997559,0.42281962236045223,0.8426053006320282
climber_mountains,26,TAS FR,0.6917787790298462,0.31097403168678284,0.6779163922603835,0.5315677989703017,0.8181661431229618
climber_mountains,34,FreeLook prior,0.8445160984992981,0.27727290987968445,0.7067989577813948,0.9473292782107653,0.9399861412129963
climber_mountains,34,Artifact only (NR),0.24420350790023804,0.48454219102859497,0.45843450394754676,1.6515669516369986,0.5327977487957488
climber_mountains,34,Artifact only (FR),0.24918867647647858,0.5162891149520874,0.422886706320208,2.1266707118243136,0.5390290577835188
climber_mountains,34,Fixed mixture (NR),0.6829026600985715,0.31081378962114947,0.6693175309409449,0.4998773614882014,0.8388579850033229
climber_mountains,34,Fixed mixture (FR),0.6631192708667185,0.3276475156841949,0.6491130661140703,0.5878660369743098,0.8385950298886452
climber_mountains,34,TAS NR,0.8102520704269409,0.2653805911540985,0.7196660554399285,0.40914673487568554,0.904699085847295
climber_mountains,34,TAS FR,0.7639360427856445,0.29086557030677795,0.6926608606780842,0.5002046772483604,0.8810468331407887
climber_sunglasses,11,FreeLook prior,0.7446209788322449,0.3060486912727356,0.6663961429621966,0.7441057749412718,0.8659380242657545
climber_sunglasses,11,Artifact only (NR),0.039330288767814636,0.4768894612789154,0.46607122642278104,1.4370838703106186,0.5074983264619
climber_sunglasses,11,Artifact only (FR),0.04146241769194603,0.5087970495223999,0.43274457537680733,2.008714687085513,0.506595526662725
climber_sunglasses,11,Fixed mixture (NR),0.6361185756117548,0.32105909828248475,0.6428076658047418,0.4311783901555416,0.7796566169168441
climber_sunglasses,11,Fixed mixture (FR),0.6078780029178267,0.33514585496057225,0.6295412154543591,0.5012880869862409,0.7713941514795134
climber_sunglasses,11,TAS NR,0.7283084392547607,0.2875079810619354,0.6786861494767786,0.35915541210051966,0.8344859377965066
climber_sunglasses,11,TAS FR,0.695955216884613,0.3058805465698242,0.6626256993320752,0.42671345269360145,0.8085434318020454
climber_sunglasses,21,FreeLook prior,0.8896691203117371,0.24749985337257385,0.7616234602444217,0.635263419039805,0.9342211542548757
climber_sunglasses,21,Artifact only (NR),0.03598106652498245,0.42319825291633606,0.5212826118367462,1.1235057497396415,0.5046675025946089
climber_sunglasses,21,Artifact only (FR),0.03795069456100464,0.44031164050102234,0.5037688310559615,1.4015311495997378,0.5044950891348745
climber_sunglasses,21,Fixed mixture (NR),0.781556825313117,0.24923348130700018,0.7110916112550492,0.24642710176822763,0.8662043961273731
climber_sunglasses,21,Fixed mixture (FR),0.7602047751225539,0.2581130973315416,0.7016425181309601,0.269048540687367,0.8574648855103394
climber_sunglasses,21,TAS NR,0.8749392032623291,0.21187667548656464,0.765378100865755,0.18280180889104913,0.9208038478538108
climber_sunglasses,21,TAS FR,0.8466790318489075,0.22660519182682037,0.7437101457779213,0.2097238060961158,0.901626805012258
climber_sunglasses,35,FreeLook prior,0.7985311150550842,0.32380449771881104,0.6728778638117655,1.0562831466071514,0.8196337964188711
climber_sunglasses,35,Artifact only (NR),0.02337508462369442,0.4229332208633423,0.5269144732666984,1.0770270404033127,0.42772741681193444
climber_sunglasses,35,Artifact only (FR),0.027153978124260902,0.435857355594635,0.5129473656085438,1.273457602940425,0.42585840484212206
climber_sunglasses,35,Fixed mixture (NR),0.6816863465476047,0.30143703130962946,0.6638223506942015,0.37501920391788074,0.7017787694663259
climber_sunglasses,35,Fixed mixture (FR),0.665886544088578,0.30802572183663346,0.6564339961490531,0.39887945546728804,0.6965112018599389
climber_sunglasses,35,TAS NR,0.7741918563842773,0.2872174382209778,0.6911914708808083,0.35068126572294733,0.7784770440629469
climber_sunglasses,35,TAS FR,0.7445350289344788,0.2925274074077606,0.6811641570171437,0.36290673740180335,0.7470806287347312
climber_sunglasses,47,FreeLook prior,0.8709138035774231,0.32163533568382263,0.6523486032853738,1.4343178648737696,0.8833296812844172
climber_sunglasses,47,Artifact only (NR),0.06942415237426758,0.4099680185317993,0.5542522341123678,0.9953409091805195,0.5286531598929313
climber_sunglasses,47,Artifact only (FR),0.07493209838867188,0.42117035388946533,0.5410730679607939,1.1528511671990858,0.5298310761138535
climber_sunglasses,47,Fixed mixture (NR),0.8475998139681633,0.24725859914598397,0.7514476462097253,0.2428305373208911,0.8582287525324486
climber_sunglasses,47,Fixed mixture (FR),0.8415281671762193,0.25277647537535836,0.746305170808129,0.2583298296579378,0.8534857315934896
climber_sunglasses,47,TAS NR,0.8722490668296814,0.24790631234645844,0.729582645256636,0.26960544553328736,0.8935876711474698
climber_sunglasses,47,TAS FR,0.8677014708518982,0.2432030588388443,0.7458530831686182,0.2517868636448022,0.8852380244730664
cycler_hill,11,FreeLook prior,0.8605367541313171,0.22208772599697113,0.7701285020484953,0.3879217503867662,0.9176007515567424
cycler_hill,11,Artifact only (NR),-0.037212297320365906,0.5399351716041565,0.38015426540397546,2.0744388753398506,0.5040202032817375
cycler_hill,11,Artifact only (FR),-0.04407327622175217,0.6173022389411926,0.29025128859881566,3.3237102679696635,0.5138150378689377
cycler_hill,11,Fixed mixture (NR),0.5883691148198965,0.3291760243925943,0.6598399618613794,0.4321095396992171,0.8058566022855588
cycler_hill,11,Fixed mixture (FR),0.5027172876611207,0.36462231726785355,0.619905675126854,0.5643088987455899,0.787385420541819
cycler_hill,11,TAS NR,0.8173214197158813,0.25117984414100647,0.7483369430887539,0.27623474742159326,0.8942214315292493
cycler_hill,11,TAS FR,0.7092103362083435,0.30421188473701477,0.6985250017916425,0.4131613318093938,0.8488762051108276
cycler_hill,24,FreeLook prior,0.7567181587219238,0.30262383818626404,0.6966212345689048,0.9894175484620642,0.8808964526942454
cycler_hill,24,Artifact only (NR),-0.005421459674835205,0.47777074575424194,0.4565309221542982,1.247914857610607,0.556094215256047
cycler_hill,24,Artifact only (FR),-0.011915914714336395,0.5244251489639282,0.4013712696433993,1.7629957297151997,0.5617731106504267
cycler_hill,24,Fixed mixture (NR),0.5456245492855236,0.3203038530912456,0.6606827227711702,0.4310070923828115,0.7944196982325041
cycler_hill,24,Fixed mixture (FR),0.4978082227600888,0.3437894391429293,0.6365021481481935,0.5331043412714951,0.7813332710276183
cycler_hill,24,TAS NR,0.7275704145431519,0.28207165002822876,0.7139494034269338,0.3686656511280682,0.8628656581778895
cycler_hill,24,TAS FR,0.6584357619285583,0.30890092253685,0.6856841611563385,0.45680122597900163,0.8335277371178915
cycler_hill,60,FreeLook prior,0.846990168094635,0.31965747475624084,0.669442889951139,1.7977298432943265,0.9009520692448455
cycler_hill,60,Artifact only (NR),-0.02907116711139679,0.45165109634399414,0.48004304430887734,1.0275853590772142,0.5426691046483172
cycler_hill,60,Artifact only (FR),-0.0327019989490509,0.4879927933216095,0.4316253420211884,1.2692418140839135,0.5479268728766673
cycler_hill,60,Fixed mixture (NR),0.648389703582396,0.3055364704560311,0.6886377726860691,0.4342597077330115,0.8099823199931662
cycler_hill,60,Fixed mixture (FR),0.6101874243081,0.3282004773117975,0.6643782626269982,0.5230673101144179,0.8002468744215513
cycler_hill,60,TAS NR,0.8080234527587891,0.28057926893234253,0.7095610049610297,0.4346627264714959,0.8721774945646714
cycler_hill,60,TAS FR,0.7497802972793579,0.3014024496078491,0.6945199689498022,0.4894137181148852,0.8436148251966702
cycler_hill,71,FreeLook prior,0.8450443744659424,0.28271719813346863,0.7174978803130344,0.9072765289513429,0.8929102294430216
cycler_hill,71,Artifact only (NR),0.026290610432624817,0.4461861848831177,0.48792887736231627,1.007372473414282,0.5101098732602434
cycler_hill,71,Artifact only (FR),0.0237518772482872,0.47794678807258606,0.4450442199077498,1.208966395209822,0.5128091857526048
cycler_hill,71,Fixed mixture (NR),0.6617366805908728,0.2848352286068398,0.6971091567248949,0.3469971097851915,0.7993845779880695
cycler_hill,71,Fixed mixture (FR),0.6249882260220668,0.303393057700254,0.6778293958981543,0.4040477121461284,0.7882339157674861
cycler_hill,71,TAS NR,0.8212499022483826,0.24985629320144653,0.7504658053341056,0.3054086670989542,0.8695609889182246
cycler_hill,71,TAS FR,0.767747700214386,0.27113357186317444,0.7247561688382499,0.3488084236807564,0.8427468042410355
cycler_ice,14,FreeLook prior,0.6650247573852539,0.311227411031723,0.6804960466635678,1.159913212443873,0.8011439998797776
cycler_ice,14,Artifact only (NR),0.1610235869884491,0.519496500492096,0.39325450041792614,2.56323850838215,0.6031213212628794
cycler_ice,14,Artifact only (FR),0.1545601785182953,0.5754574537277222,0.3304280646360263,3.492636693554846,0.6343407277138549
cycler_ice,14,Fixed mixture (NR),0.4313188881704541,0.35541383841385293,0.5969096024018387,0.763569989162784,0.748332762829334
cycler_ice,14,Fixed mixture (FR),0.40570513919803,0.37808033357214443,0.5720944514297246,0.9294466149498748,0.7487871260275738
cycler_ice,14,TAS NR,0.5977813601493835,0.3147014081478119,0.6618451353401011,0.669696114360755,0.7825960061901244
cycler_ice,14,TAS FR,0.5204166173934937,0.3420465588569641,0.6271456514361524,0.8273396607647412,0.7686186282429125
cycler_ice,15,FreeLook prior,0.7702338695526123,0.2893969416618347,0.7126938414250649,1.1720191326283702,0.8582518024364484
cycler_ice,15,Artifact only (NR),0.22059041261672974,0.49823182821273804,0.41781402304721055,2.265477626612594,0.5994479800884983
cycler_ice,15,Artifact only (FR),0.21132422983646393,0.5536053776741028,0.35715927181032653,3.109593890033414,0.6263337304892327
cycler_ice,15,Fixed mixture (NR),0.5442672963072298,0.32508066604423297,0.6439149718867608,0.6962065955834063,0.7778130126397388
cycler_ice,15,Fixed mixture (FR),0.5158470055567927,0.3501323540678838,0.6160571163550732,0.8459781741983174,0.7776941726245665
cycler_ice,15,TAS NR,0.7137503623962402,0.28257647156715393,0.7106337165123559,0.6061218667740313,0.8278463840480481
cycler_ice,15,TAS FR,0.638493001461029,0.31230005621910095,0.6760212605855356,0.7470149423713348,0.8078736500930211
cycler_ice,30,FreeLook prior,0.5349364876747131,0.3510098159313202,0.6203048604386796,1.5790474378934594,0.7252302707516931
cycler_ice,30,Artifact only (NR),0.18591685593128204,0.48198556900024414,0.4348134392532209,1.7179973192813025,0.6259293395036776
cycler_ice,30,Artifact only (FR),0.17805883288383484,0.5280114412307739,0.3821176911202676,2.368135232933732,0.6453918675000268
cycler_ice,30,Fixed mixture (NR),0.3949021631525427,0.3585237173993027,0.5927492711209825,0.7493285966401676,0.702708656567176
cycler_ice,30,Fixed mixture (FR),0.3775468327120199,0.38014606461633244,0.5697052513880922,0.9387650299501166,0.703991763192697
cycler_ice,30,TAS NR,0.4976061284542084,0.33846285939216614,0.6256499258061688,0.7351190335015348,0.7182447209814535
cycler_ice,30,TAS FR,0.45187097787857056,0.3575734794139862,0.6030245054889087,0.8864902303527232,0.7139513641787008
cycler_ice,40,FreeLook prior,0.6702340841293335,0.27183443307876587,0.7169334270156562,0.6503230438294388,0.8069705673853965
cycler_ice,40,Artifact only (NR),0.2589014768600464,0.46021848917007446,0.4605864922985956,1.493224772173472,0.6733603212823056
cycler_ice,40,Artifact only (FR),0.2545364499092102,0.5032373666763306,0.40964083479802726,1.9868741064812705,0.6804926541567011
cycler_ice,40,Fixed mixture (NR),0.48796886325524297,0.30328804445146107,0.6553974200109078,0.45973279608703527,0.7748024139760186
cycler_ice,40,Fixed mixture (FR),0.47143855235127935,0.3226944644947885,0.6326780201045102,0.5456221347695639,0.773533008436887
cycler_ice,40,TAS NR,0.6227980852127075,0.266264408826828,0.7123585756166866,0.3839053911459657,0.800691137702789
cycler_ice,40,TAS FR,0.5641158819198608,0.28952422738075256,0.6824392691521122,0.4614154638843737,0.7894228837580048
dog,29,FreeLook prior,0.7244514226913452,0.3042653203010559,0.6719844495713414,0.9158771925904937,0.8065059252606723
dog,29,Artifact only (NR),-0.10699933767318726,0.4637448787689209,0.4591921160747267,1.358933115307036,0.45261593056768
dog,29,Artifact only (FR),-0.10558481514453888,0.5005723237991333,0.41125152923261693,1.7029949700545346,0.4540556621745128
dog,29,Fixed mixture (NR),0.5197887146696064,0.3001387377329781,0.6700707277142929,0.3702180981581751,0.7197210166661063
dog,29,Fixed mixture (FR),0.47788454753478044,0.31746700294738733,0.6490751218117546,0.4208007469627413,0.7093678273962492
dog,29,TAS NR,0.69268798828125,0.2694825828075409,0.7024452752960716,0.32225143862282446,0.7798363255916749
dog,29,TAS FR,0.6318483352661133,0.2869008779525757,0.6871520498467498,0.3572509103425774,0.7520507979374944
dog,33,FreeLook prior,0.8744823336601257,0.3064500093460083,0.6777874973860939,1.3413675312156146,0.861599364683143
dog,33,Artifact only (NR),-0.0926210805773735,0.45782700181007385,0.46499195698464585,1.38300880139625,0.42981272014114646
dog,33,Artifact only (FR),-0.09053760766983032,0.4919785261154175,0.42069252460841466,1.6833801098634222,0.4304312810249027
dog,33,Fixed mixture (NR),0.7030233335288208,0.2854567705855127,0.6963649097253838,0.3553886780344502,0.7548726375472379
dog,33,Fixed mixture (FR),0.6666467843829827,0.3064497214704311,0.6737600766861743,0.4240464361409338,0.7451612555236231
dog,33,TAS NR,0.846174418926239,0.2604560852050781,0.7245284710093002,0.3344517640937302,0.8206785019124428
dog,33,TAS FR,0.7981999516487122,0.2787187695503235,0.711367607757462,0.3763082131830625,0.7935058036568977
dog,67,FreeLook prior,0.8080723881721497,0.33160561323165894,0.6693980208116471,1.693166742134155,0.8899960841381844
dog,67,Artifact only (NR),-0.06066535413265228,0.4480007290840149,0.4682137408416402,1.242935055695153,0.44977808735061064
dog,67,Artifact only (FR),-0.056004904210567474,0.47592613101005554,0.4317229930030354,1.5076915969089866,0.45292760265326076
dog,67,Fixed mixture (NR),0.679696126902573,0.26237427521098566,0.7021296308135033,0.2830565373597172,0.7991173459673641
dog,67,Fixed mixture (FR),0.6485144579765134,0.2777991907996568,0.6846522503630831,0.3248207153194161,0.7874857173231036
dog,67,TAS NR,0.7976381778717041,0.24461579322814941,0.7436728762566289,0.26671732638997575,0.878663429794365
dog,67,TAS FR,0.763620913028717,0.25256863236427307,0.7301845933870458,0.28219225594212305,0.8457613572913468
dog,90,FreeLook prior,0.8802188038825989,0.25460085272789,0.7365389181573632,0.5597002262997205,0.9064302199276169
dog,90,Artifact only (NR),-0.11177749931812286,0.4385291635990143,0.47830527533808925,1.094907106411333,0.41399546769081286
dog,90,Artifact only (FR),-0.10790514945983887,0.46600672602653503,0.44211196622735127,1.2794243401412682,0.41615711104224634
dog,90,Fixed mixture (NR),0.6961976785074262,0.2566668302351461,0.719362718666426,0.2919953837409576,0.7871479519060811
dog,90,Fixed mixture (FR),0.6601129770964326,0.27180680827950987,0.7016146815960207,0.33347211526198467,0.7740474128509408
dog,90,TAS NR,0.855944812297821,0.21803387999534607,0.7795557947588755,0.23733057583550965,0.8701041743676221
dog,90,TAS FR,0.8068442940711975,0.23654811084270477,0.7540882195980256,0.2719846635120364,0.8369964314333908
dog_walker,22,FreeLook prior,0.8854796290397644,0.246576726436615,0.7467379479933205,0.6337311364050533,0.890107699325666
dog_walker,22,Artifact only (NR),0.058271221816539764,0.4643316864967346,0.4635817123115869,1.1824980655081498,0.5178428778417168
dog_walker,22,Artifact only (FR),0.05498817563056946,0.48453500866889954,0.44167344341749143,1.4462078815835286,0.519869081843742
dog_walker,22,Fixed mixture (NR),0.7885581411155768,0.2874379444751313,0.6928088261211163,0.3337160076383288,0.7998849521858716
dog_walker,22,Fixed mixture (FR),0.7640862887221364,0.295619296760848,0.683550440536977,0.3595013908070913,0.7890209331369115
dog_walker,22,TAS NR,0.8757790327072144,0.23490680754184723,0.7662039242755925,0.23676330229383133,0.8663812952354412
dog_walker,22,TAS FR,0.8493266701698303,0.25578340888023376,0.740464348472194,0.2765973573661545,0.8393594445354338
dog_walker,27,FreeLook prior,0.7760951519012451,0.30523616075515747,0.6709357193004889,0.9902335042735485,0.871791060781907
dog_walker,27,Artifact only (NR),0.11173224449157715,0.42977580428123474,0.5198047845537564,0.9724724190635917,0.5671727402265268
dog_walker,27,Artifact only (FR),0.11064213514328003,0.4509231150150299,0.4938612401882409,1.185886317421265,0.5692394104202457
dog_walker,27,Fixed mixture (NR),0.7013011338854798,0.29644347877411525,0.684148637127557,0.3826843131946822,0.8206290667200808
dog_walker,27,Fixed mixture (FR),0.6841560828007319,0.3077642310658366,0.6731588648059088,0.43023099799100417,0.8152144511631194
dog_walker,27,TAS NR,0.7683815360069275,0.27491113543510437,0.7033805167778452,0.3572408559532207,0.8535299282335507
dog_walker,27,TAS FR,0.7487898468971252,0.286435604095459,0.6954243100523736,0.38995606911697733,0.8407672264964599
dog_walker,77,FreeLook prior,0.7512166500091553,0.3241068422794342,0.676582919960124,1.697410501928154,0.8638256264507607
dog_walker,77,Artifact only (NR),0.1310386061668396,0.3725147247314453,0.5878012977882567,0.6694424538529878,0.6210116649559548
dog_walker,77,Artifact only (FR),0.12796108424663544,0.39268168807029724,0.5625889642388989,0.7812284730268004,0.6222470459557026
dog_walker,77,Fixed mixture (NR),0.6991470890032467,0.25499427119906404,0.7344029675045245,0.2825407962104952,0.8681494280376675
dog_walker,77,Fixed mixture (FR),0.6841012384866532,0.2656461229263775,0.7248767069858011,0.31686420375665125,0.861966915729458
dog_walker,77,TAS NR,0.7529292702674866,0.2580578923225403,0.7383816531216061,0.33097985433764954,0.8765425731936163
dog_walker,77,TAS FR,0.7401424050331116,0.25758597254753113,0.7391062632251922,0.32249672875419544,0.8781129619952358
dog_walker,87,FreeLook prior,0.9074546098709106,0.23875020444393158,0.7701802093906656,0.7573040201211106,0.9377586646142163
dog_walker,87,Artifact only (NR),0.12022319436073303,0.41132813692092896,0.5368671694889297,0.817056019337355,0.6212769651214597
dog_walker,87,Artifact only (FR),0.1154240220785141,0.4282901883125305,0.5134816720782445,0.9236593738411061,0.6205775988099196
dog_walker,87,Fixed mixture (NR),0.8384111956721093,0.25680950314288037,0.7365016583378999,0.2551111321659828,0.8913388823902881
dog_walker,87,Fixed mixture (FR),0.8179084636848777,0.26546514637487556,0.7266894956601508,0.27879880984143574,0.8771406884577955
dog_walker,87,TAS NR,0.9028724431991577,0.2179449051618576,0.7910608055767953,0.2050188289416577,0.9382317076698344
dog_walker,87,TAS FR,0.8839060664176941,0.2340569794178009,0.775535433578445,0.22947317190239863,0.9242474315800564
fence_guard,11,FreeLook prior,0.880646824836731,0.25509077310562134,0.7542630281069862,0.7570431621472261,0.8965314819888276
fence_guard,11,Artifact only (NR),0.043484143912792206,0.5463404655456543,0.3621025638662926,2.6021388832649133,0.47587027413986516
fence_guard,11,Artifact only (FR),0.04869197681546211,0.603347659111023,0.29912166658090467,3.718851230489398,0.4753058867718366
fence_guard,11,Fixed mixture (NR),0.6327831031768307,0.3180451708937863,0.6420746275791452,0.4236159194425382,0.7838782377128948
fence_guard,11,Fixed mixture (FR),0.5844298489688523,0.34401482915190507,0.6117020041029744,0.5304075145911599,0.7767140598776369
fence_guard,11,TAS NR,0.8353338837623596,0.24740195274353027,0.7448503496201254,0.2767806997719464,0.8581251869230523
fence_guard,11,TAS FR,0.7530489563941956,0.28856006264686584,0.694048325768427,0.39137604556772104,0.8222033708548966
fence_guard,15,FreeLook prior,0.8505256772041321,0.33677759766578674,0.6551485279782157,1.7699181871290273,0.8700390430206805
fence_guard,15,Artifact only (NR),0.015302656218409538,0.5328379273414612,0.3878427343231935,2.5155613006194057,0.5081945230325255
fence_guard,15,Artifact only (FR),0.020944790914654732,0.5848996043205261,0.3301369076871084,3.5073583736598195,0.5022231291440322
fence_guard,15,Fixed mixture (NR),0.6457211984065457,0.33818757822879425,0.6311946472187978,0.6047330293095545,0.778121961574653
fence_guard,15,Fixed mixture (FR),0.6080855264549041,0.3665221647385653,0.601947807035498,0.7829379484024332,0.7716737151807435
fence_guard,15,TAS NR,0.816469132900238,0.3013307452201843,0.683341560030699,0.5459461864537817,0.8319783676074101
fence_guard,15,TAS FR,0.7551422119140625,0.3305036425590515,0.6536027274054527,0.6976174542661012,0.8086458664469783
fence_guard,24,FreeLook prior,0.8268091082572937,0.2761504650115967,0.7209543839313669,0.36449414419036075,0.8032002210606768
fence_guard,24,Artifact only (NR),0.03151188790798187,0.529267430305481,0.3900520959517784,2.141733154714773,0.47693318468324
fence_guard,24,Artifact only (FR),0.03671571612358093,0.569092869758606,0.3463501524007863,2.975248362389289,0.48336698285233687
fence_guard,24,Fixed mixture (NR),0.5752893218783601,0.3350682672927355,0.6271818877721911,0.46467984004310126,0.7191578589072537
fence_guard,24,Fixed mixture (FR),0.5394693787662967,0.35217408159009045,0.607471240996114,0.5294603308175512,0.715594845633304
fence_guard,24,TAS NR,0.7773546576499939,0.282018780708313,0.7047013932519697,0.34035074990295183,0.7707972044337371
fence_guard,24,TAS FR,0.6996960639953613,0.31000155210494995,0.6678691958892559,0.41379206443945604,0.7482647270446153
fence_guard,50,FreeLook prior,0.8626024723052979,0.31579798460006714,0.662953291814608,1.3990038512050385,0.8856024519957804
fence_guard,50,Artifact only (NR),0.04590845853090286,0.5117847919464111,0.40639379340968884,1.6768826515693895,0.48043090633323066
fence_guard,50,Artifact only (FR),0.05428517609834671,0.5459278225898743,0.36892449528322024,2.2030269855809554,0.48052783382553255
fence_guard,50,Fixed mixture (NR),0.6909570996865455,0.31488047100100025,0.6678963012172601,0.46983259231040053,0.7824436823491995
fence_guard,50,Fixed mixture (FR),0.6651574415701679,0.3337881507934081,0.647134891273486,0.5582980984847825,0.7794098748548856
fence_guard,50,TAS NR,0.8364871740341187,0.27384406328201294,0.7102156965499564,0.3979291274975534,0.8476990489396101
fence_guard,50,TAS FR,0.7900716066360474,0.29724422097206116,0.6906397870858471,0.47462805549804266,0.8230036928207142
girl_boat,13,FreeLook prior,0.8853350877761841,0.3221404254436493,0.6792024051693811,0.6859214752768383,0.8866402622995629
girl_boat,13,Artifact only (NR),0.25884225964546204,0.5377217531204224,0.3721245810642607,1.6492986902726559,0.6912404598067121
girl_boat,13,Artifact only (FR),0.24405255913734436,0.5763516426086426,0.3314537239632668,2.222920858512796,0.691215078442412
girl_boat,13,Fixed mixture (NR),0.7483808828407975,0.3823713755124,0.5630617847998107,0.5985253180576425,0.8308558401391272
girl_boat,13,Fixed mixture (FR),0.7050918633284302,0.3963189822226833,0.54779364296293,0.6611339972221298,0.8246166773344226
girl_boat,13,TAS NR,0.8667356371879578,0.33160701394081116,0.640836124765943,0.4549273721691631,0.870159491253756
girl_boat,13,TAS FR,0.8160391449928284,0.35754629969596863,0.6034305580822683,0.5403770383631347,0.8488332984450304
girl_boat,31,FreeLook prior,0.9320873618125916,0.26177486777305603,0.7515399355144722,0.8386346772132331,0.8884009488887238
girl_boat,31,Artifact only (NR),0.29318973422050476,0.4791099429130554,0.44141149322547907,1.1658899305590458,0.719824357519776
girl_boat,31,Artifact only (FR),0.28395941853523254,0.5000386834144592,0.41793083340771425,1.3363546101151027,0.7236104811033559
girl_boat,31,Fixed mixture (NR),0.8510865283812838,0.31569753647064797,0.6571946711193536,0.4544448525200198,0.831980003989335
girl_boat,31,Fixed mixture (FR),0.832156833309611,0.32696044652677075,0.6467030150604803,0.5018415259224741,0.8275907528810066
girl_boat,31,TAS NR,0.9228937029838562,0.2620239853858948,0.741894041855024,0.35558772889816187,0.8710133199261842
girl_boat,31,TAS FR,0.8996036052703857,0.28756171464920044,0.7080437130894507,0.4197547167901852,0.8518213235117426
girl_boat,66,FreeLook prior,0.9376598000526428,0.2741018831729889,0.7486072473789512,1.3181630591903297,0.9314208054563635
girl_boat,66,Artifact only (NR),0.3035961091518402,0.4316302537918091,0.5024770806510426,0.9696111050167896,0.6919587897533767
girl_boat,66,Artifact only (FR),0.29577234387397766,0.4507828950881958,0.4781534852327184,1.1069514404078133,0.6934092421436368
girl_boat,66,Fixed mixture (NR),0.8384100220252743,0.2815481583711969,0.704030100311094,0.3902070751086737,0.8736005586105473
girl_boat,66,Fixed mixture (FR),0.8223348184024006,0.2940774318040637,0.6916277554525884,0.44401281154791716,0.8694677224978669
girl_boat,66,TAS NR,0.9232630133628845,0.24450497329235077,0.7610007638596664,0.347093218344115,0.9166840111660401
girl_boat,66,TAS FR,0.8968372941017151,0.2633417546749115,0.7375328577278579,0.39510699155616463,0.900568434037888
girl_boat,86,FreeLook prior,0.896242082118988,0.28191477060317993,0.7218802891472286,0.7521060016466422,0.8546926010753683
girl_boat,86,Artifact only (NR),0.298367440700531,0.4188462793827057,0.5087776500034891,0.9053480936050657,0.6826975964007607
girl_boat,86,Artifact only (FR),0.290791779756546,0.43619921803474426,0.4871293934781518,1.0106907267105925,0.6862681672860793
girl_boat,86,Fixed mixture (NR),0.799493767541404,0.27652373446976053,0.6903767452870667,0.3556136477608784,0.8113967438547212
girl_boat,86,Fixed mixture (FR),0.78423934636412,0.28549044782023303,0.6811747794635299,0.3835258063462437,0.8092650853420853
girl_boat,86,TAS NR,0.8855395317077637,0.24766738712787628,0.7370619327365354,0.305301478299703,0.8425839603655179
girl_boat,86,TAS FR,0.8598581552505493,0.25957876443862915,0.7186554059408221,0.3312819173487971,0.8321452159811464
girl_car,12,FreeLook prior,0.7510409951210022,0.29728829860687256,0.712558589086467,1.0986055762820681,0.8225170692369871
girl_car,12,Artifact only (NR),0.25534728169441223,0.5435322523117065,0.37968736663578967,4.12299248659852,0.6398575536749169
girl_car,12,Artifact only (FR),0.24383088946342468,0.6059181690216064,0.2929426537367257,4.632290212964887,0.6222094169317699
girl_car,12,Fixed mixture (NR),0.5215351506505538,0.3729196673394743,0.597680408568711,1.1797640832933949,0.7597121683433522
girl_car,12,Fixed mixture (FR),0.4864840147169217,0.39705551410222756,0.5626638914452591,1.2499738207121556,0.7645749865783822
girl_car,12,TAS NR,0.6795761585235596,0.31899863481521606,0.6761540307765708,1.0193458751505353,0.7941999343057126
girl_car,12,TAS FR,0.5968459248542786,0.35299405455589294,0.6279492233009762,1.1183034202345896,0.7794670585223469
girl_car,22,FreeLook prior,0.7699189782142639,0.2869930565357208,0.6957105665239027,0.8804509881146716,0.8709203896379616
girl_car,22,Artifact only (NR),0.2834107577800751,0.5180632472038269,0.4079537591424732,2.61378228123613,0.6476524832895488
girl_car,22,Artifact only (FR),0.2783174514770508,0.5664336085319519,0.35111478970520826,3.3860751023632383,0.6732948116695997
girl_car,22,Fixed mixture (NR),0.6299491959450747,0.33573948624880195,0.6429995510525872,0.6366908894895845,0.8062713521084062
girl_car,22,Fixed mixture (FR),0.6058470626875437,0.35679148855281884,0.6174075637417797,0.7632171546883483,0.8096248431647648
girl_car,22,TAS NR,0.7541796565055847,0.28562185168266296,0.6975894510554936,0.5099130303633765,0.8462681022796461
girl_car,22,TAS FR,0.7070121765136719,0.31563234329223633,0.6660109690009092,0.6457475121197112,0.8317692209055956
girl_car,27,FreeLook prior,0.6999555826187134,0.32365089654922485,0.6714342959503106,1.055044676489195,0.817685243434356
girl_car,27,Artifact only (NR),0.26719939708709717,0.5172092318534851,0.4069482362586222,2.587389307393693,0.5952082085046451
girl_car,27,Artifact only (FR),0.26296886801719666,0.5596085786819458,0.3568484010345338,3.4712442658164346,0.599839044059349
girl_car,27,Fixed mixture (NR),0.5439835910868013,0.3642801652793579,0.606376544411331,0.8729161609099033,0.7482506484556422
girl_car,27,Fixed mixture (FR),0.5255830344291663,0.3818848488259179,0.5839925513065534,1.0435049221938557,0.75174137931483
girl_car,27,TAS NR,0.6674853563308716,0.32474491000175476,0.6680834705058435,0.7672018137876812,0.786935323576399
girl_car,27,TAS FR,0.6176974177360535,0.34844717383384705,0.6365950389469409,0.9435516055050428,0.773217187143717
girl_car,63,FreeLook prior,0.7818493247032166,0.23530960083007812,0.7647469116692279,0.33510849906737067,0.829008701739058
girl_car,63,Artifact only (NR),0.36212077736854553,0.4588031470775604,0.466839435396691,1.4164672465440313,0.7002854494237719
girl_car,63,Artifact only (FR),0.35858187079429626,0.49212896823883057,0.4270167016988776,1.7594866359391566,0.7064865538852958
girl_car,63,Fixed mixture (NR),0.6180864291365649,0.2869218164726697,0.6780976286098378,0.375138064599379,0.8117953651691039
girl_car,63,Fixed mixture (FR),0.6030079643436848,0.3004479242940326,0.6607550579466323,0.4209210608183182,0.8125169100764119
girl_car,63,TAS NR,0.7519654035568237,0.23773682117462158,0.7517602899771683,0.27089529456229344,0.8322318052490523
girl_car,63,TAS FR,0.6982830762863159,0.26121628284454346,0.718096678263876,0.32868120522100613,0.8251836483321021
goalkeeper_boy,10,FreeLook prior,0.8977231383323669,0.3173600137233734,0.6808410939214434,1.4258211106008205,0.8946303632330478
goalkeeper_boy,10,Artifact only (NR),0.18380147218704224,0.5019264221191406,0.42015708941398144,2.1567709812127953,0.6679325991127425
goalkeeper_boy,10,Artifact only (FR),0.1625361293554306,0.5480616688728333,0.36936642117716556,2.7450528141192714,0.6742170698118051
goalkeeper_boy,10,Fixed mixture (NR),0.8054662869988254,0.3295895443183864,0.6504954971971546,0.7231555206555711,0.8323510196031381
goalkeeper_boy,10,Fixed mixture (FR),0.776437049157927,0.3541311454484565,0.626016080549396,0.8567771513728747,0.8274563554249194
goalkeeper_boy,10,TAS NR,0.8881399631500244,0.29282480478286743,0.7079078395825281,0.6561632845342459,0.8694589069569755
goalkeeper_boy,10,TAS FR,0.8595022559165955,0.31956765055656433,0.6787761558551583,0.782133707531895,0.8505757019098833
goalkeeper_boy,16,FreeLook prior,0.8654958605766296,0.34041884541511536,0.6549330835161299,2.167364850886905,0.845097506331101
goalkeeper_boy,16,Artifact only (NR),0.19900138676166534,0.48005130887031555,0.44979462765115524,1.7039803489566223,0.6305435905178506
goalkeeper_boy,16,Artifact only (FR),0.1865212619304657,0.5141266584396362,0.4141611331422913,2.2147245871437367,0.6373186435995626
goalkeeper_boy,16,Fixed mixture (NR),0.7658640306836182,0.341525280529958,0.651931495492279,0.9423314548140829,0.7882390883359854
goalkeeper_boy,16,Fixed mixture (FR),0.745505413536124,0.35969118771920594,0.6345862895899461,1.1634591755182748,0.7857296843479301
goalkeeper_boy,16,TAS NR,0.851141095161438,0.3168586492538452,0.6868674411593398,0.9442387493495703,0.824095659283468
goalkeeper_boy,16,TAS FR,0.8235534429550171,0.33502161502838135,0.6710713589420962,1.1410502290333056,0.8094174379896308
goalkeeper_boy,20,FreeLook prior,0.8955754637718201,0.30089595913887024,0.6958957469993547,1.2680570672814968,0.8486574455526092
goalkeeper_boy,20,Artifact only (NR),0.21804210543632507,0.4677537679672241,0.4623573544521945,1.5691452798437107,0.665211680984349
goalkeeper_boy,20,Artifact only (FR),0.2045402228832245,0.4984547793865204,0.4311769186446036,2.0430623171551674,0.6682209276153307
goalkeeper_boy,20,Fixed mixture (NR),0.7896619886271886,0.31760089276786196,0.6656616266372238,0.6014072496091917,0.8178532746354478
goalkeeper_boy,20,Fixed mixture (FR),0.7692383566082677,0.33371193923428083,0.6507248449788692,0.732770007724937,0.8108587299435976
goalkeeper_boy,20,TAS NR,0.8793947696685791,0.2844090163707733,0.7128591673663341,0.5533876418249788,0.8441975918848312
goalkeeper_boy,20,TAS FR,0.8501326441764832,0.3042084276676178,0.6936962833785221,0.6737626222702449,0.8317977511540365
goalkeeper_boy,62,FreeLook prior,0.8602300882339478,0.3013841211795807,0.6973289170533523,1.6276446420365247,0.9286091021804725
goalkeeper_boy,62,Artifact only (NR),0.24086132645606995,0.43284228444099426,0.49811239543520297,1.0487319854682882,0.7121442923913396
goalkeeper_boy,62,Artifact only (FR),0.22948721051216125,0.4566493034362793,0.4724166594832952,1.2815518334788136,0.7164579183709293
goalkeeper_boy,62,Fixed mixture (NR),0.7803446045246364,0.28739394994096734,0.6884730540104056,0.4459892887436305,0.8863295822405199
goalkeeper_boy,62,Fixed mixture (FR),0.7653162880137994,0.3018588993567824,0.6751274396890358,0.5468265469286853,0.8829123645410526
goalkeeper_boy,62,TAS NR,0.8530324697494507,0.2638939917087555,0.7267703888489636,0.4423841169002574,0.9220408528505695
goalkeeper_boy,62,TAS FR,0.8320715427398682,0.2781215012073517,0.7097692468247351,0.5189500556086551,0.9074419822730693
head_statue,14,FreeLook prior,0.7678573131561279,0.3074662685394287,0.6667748302136293,0.7258656580399231,0.8316225476551781
head_statue,14,Artifact only (NR),-0.010158035904169083,0.5938758254051208,0.29981900583668597,3.961666596519196,0.5511627311248541
head_statue,14,Artifact only (FR),-0.0314776673913002,0.6555622816085815,0.22390087091225644,4.8544756705240335,0.5391685478092468
head_statue,14,Fixed mixture (NR),0.4693241067991348,0.40034190963286437,0.5574607098524034,0.8767986314799127,0.7209393167610599
head_statue,14,Fixed mixture (FR),0.4113380027410428,0.42457538579443344,0.5277099893154149,0.9913626232031618,0.7212060171505548
head_statue,14,TAS NR,0.6962782144546509,0.3345297574996948,0.6402849485501344,0.6779341863062883,0.7796354277641909
head_statue,14,TAS FR,0.5916959643363953,0.37312379479408264,0.5958450166470178,0.8176006133136171,0.7547492758575837
head_statue,22,FreeLook prior,0.8170740008354187,0.32553738355636597,0.6729329591823356,1.985696370170745,0.8309857814590098
head_statue,22,Artifact only (NR),0.021785952150821686,0.5532799363136292,0.3471623756602818,2.7552918063105487,0.5906619825407872
head_statue,22,Artifact only (FR),0.0015536714345216751,0.6046193242073059,0.28726092266229825,3.7584486790000886,0.590710279765282
head_statue,22,Fixed mixture (NR),0.5594098305071488,0.3850785373160999,0.6033437034259285,1.223188274381026,0.7476977860551726
head_statue,22,Fixed mixture (FR),0.5157999400398328,0.408183043560001,0.577359956403977,1.5530934991993202,0.7418229825938696
head_statue,22,TAS NR,0.7600964307785034,0.3361010253429413,0.6699811961918222,1.1342917029693405,0.7994973293247483
head_statue,22,TAS FR,0.6796113848686218,0.3677729070186615,0.6392226757758094,1.4605864868453975,0.7756297387637997
head_statue,32,FreeLook prior,0.8292596936225891,0.3797740936279297,0.5943900117221884,3.3840825761392517,0.8076576876713621
head_statue,32,Artifact only (NR),0.029376456514000893,0.5361563563346863,0.35800411034884266,2.3463827475705563,0.5507346414466272
head_statue,32,Artifact only (FR),0.01073496788740158,0.5810565948486328,0.30626676084879256,3.363936637747549,0.5491607466824103
head_statue,32,Fixed mixture (NR),0.6747211704088408,0.3847843421138972,0.5947729134402312,1.4813362876486555,0.7087841382101475
head_statue,32,Fixed mixture (FR),0.6462471439583833,0.4089616391615946,0.5720957165035357,2.1285184100414156,0.6967927923119631
head_statue,32,TAS NR,0.8016734719276428,0.3564680516719818,0.6207063543744359,1.5009651890832967,0.756656171046671
head_statue,32,TAS FR,0.7588793635368347,0.38040369749069214,0.6003711620328254,2.1031266031374805,0.7281700973355418
head_statue,85,FreeLook prior,0.7712324261665344,0.3552349805831909,0.6358563464571029,2.647202535283633,0.842578313517677
head_statue,85,Artifact only (NR),0.12324074655771255,0.47781699895858765,0.4320064588723051,1.2571163159119096,0.6355682888982879
head_statue,85,Artifact only (FR),0.10460664331912994,0.507621705532074,0.39531337101014763,1.5045958857798318,0.6421109234766612
head_statue,85,Fixed mixture (NR),0.6385171973782631,0.33497712130364576,0.6535041714876255,0.6776152217081345,0.7665898556991289
head_statue,85,Fixed mixture (FR),0.6154452283415982,0.35040559107824515,0.6367896142737677,0.7864966212392511,0.7615382888570897
head_statue,85,TAS NR,0.7587119340896606,0.31826528906822205,0.6819644265358384,0.7348279750334543,0.818574240978112
head_statue,85,TAS FR,0.7215215563774109,0.3300703167915344,0.6671870045170796,0.7872506494206845,0.7955653407048044
hunter_boy,10,FreeLook prior,0.883777379989624,0.30479875206947327,0.7043476816676291,1.0198905345422058,0.8163924919101212
hunter_boy,10,Artifact only (NR),-0.002388056367635727,0.5634542107582092,0.34802511790256035,1.8430821814952272,0.5091259554156011
hunter_boy,10,Artifact only (FR),-0.011713296175003052,0.6189653873443604,0.28155187202216925,2.7479452330033407,0.4897963897666854
hunter_boy,10,Fixed mixture (NR),0.7619346786817485,0.3655907279336175,0.6215407524387314,0.5673789235869994,0.7341868438796036
hunter_boy,10,Fixed mixture (FR),0.7092726535729046,0.39209174899244487,0.5921933473787546,0.7166145068007008,0.7222481462174741
hunter_boy,10,TAS NR,0.8706203103065491,0.30845800042152405,0.7086121118950252,0.45665481494243126,0.7842483186144824
hunter_boy,10,TAS FR,0.8284839987754822,0.34525108337402344,0.6661611835086501,0.5978076699952638,0.7577217334164423
hunter_boy,16,FreeLook prior,0.8386691808700562,0.33464479446411133,0.6346826561882511,1.3053127817910226,0.8416229269370857
hunter_boy,16,Artifact only (NR),0.011987295001745224,0.5751722455024719,0.3196740881989314,1.8464527706729335,0.4839886251452435
hunter_boy,16,Artifact only (FR),0.004859320819377899,0.6088544130325317,0.2792126719052351,2.3925066231648877,0.47947012934798466
hunter_boy,16,Fixed mixture (NR),0.7971559056582959,0.36627536918763276,0.6090129239676162,0.5698238458871475,0.7187488115669726
hunter_boy,16,Fixed mixture (FR),0.7798274156199179,0.3828407342600531,0.591563196837189,0.6486056306419037,0.7138467881877614
hunter_boy,16,TAS NR,0.8371807932853699,0.3141113519668579,0.6614386739176645,0.45842277739455534,0.7822097713510132
hunter_boy,16,TAS FR,0.8258557319641113,0.34073343873023987,0.6395826604392406,0.5399602737343105,0.7514495860252913
hunter_boy,21,FreeLook prior,0.9092909693717957,0.3262527585029602,0.6742557291524965,1.4873871334109754,0.8647209143779248
hunter_boy,21,Artifact only (NR),-0.031124860048294067,0.5803979635238647,0.3163748820820719,1.8010802818677456,0.4194971075616297
hunter_boy,21,Artifact only (FR),-0.03796210139989853,0.6124438643455505,0.277236897066799,2.2722656655788755,0.41848610524041396
hunter_boy,21,Fixed mixture (NR),0.8315817049860881,0.3792968450718281,0.6090818110642487,0.6181027722706091,0.6973508086258939
hunter_boy,21,Fixed mixture (FR),0.8116551535545916,0.39748692435002636,0.5893741549201569,0.7401587739584686,0.688340027331179
hunter_boy,21,TAS NR,0.8974207043647766,0.3217686414718628,0.6870268810664883,0.5077858011654516,0.7960058359761091
hunter_boy,21,TAS FR,0.8767021894454956,0.35340631008148193,0.6550882906067707,0.6371017625293158,0.7486635311742476
hunter_boy,44,FreeLook prior,0.8933905959129333,0.3051947355270386,0.6992800253667292,0.6004452825493168,0.8106287324316505
hunter_boy,44,Artifact only (NR),-0.01304721087217331,0.5332751870155334,0.38108533750048545,1.4625000976152436,0.4772374069390109
hunter_boy,44,Artifact only (FR),-0.019237790256738663,0.5576665997505188,0.34774733056328777,1.6935694583771714,0.47660261213968613
hunter_boy,44,Fixed mixture (NR),0.8068343660630957,0.34934537551151995,0.6161352816404759,0.4676403099888366,0.6986203048312156
hunter_boy,44,Fixed mixture (FR),0.7835540599146101,0.36099642087638256,0.6033451396985418,0.5096721083452164,0.6915941189790777
hunter_boy,44,TAS NR,0.8891589641571045,0.29980048537254333,0.6904295093380809,0.36215758365314354,0.7614041403392374
hunter_boy,44,TAS FR,0.8675234317779541,0.32228171825408936,0.6605853310329522,0.41524855765298024,0.7316028808905438
kid_bucket,10,FreeLook prior,0.9117937684059143,0.29245927929878235,0.7109652874633241,0.9726239396471321,0.8365555276288466
kid_bucket,10,Artifact only (NR),0.12549757957458496,0.5729985237121582,0.3346818200564812,2.752479393298594,0.5735165551179946
kid_bucket,10,Artifact only (FR),0.10741952061653137,0.6263748407363892,0.2633060668683598,3.040824172056018,0.5845156626367836
kid_bucket,10,Fixed mixture (NR),0.720587061140264,0.3721136340154377,0.6090565245018638,0.6784203649223755,0.7670551138053405
kid_bucket,10,Fixed mixture (FR),0.6563325603787847,0.403112439244214,0.5751148028266938,0.7764950904844193,0.7737111562473201
kid_bucket,10,TAS NR,0.8825404047966003,0.30646058917045593,0.6990295835107082,0.5344831688606049,0.7995893164725181
kid_bucket,10,TAS FR,0.8099119067192078,0.35194316506385803,0.6488872302113008,0.6444151488835522,0.7889485055281761
kid_bucket,22,FreeLook prior,0.9254457950592041,0.300855815410614,0.7066524377796692,1.220782774352015,0.8526280650899956
kid_bucket,22,Artifact only (NR),0.20012569427490234,0.5354941487312317,0.3815035262088586,2.0515195017899877,0.5460440992451029
kid_bucket,22,Artifact only (FR),0.19419169425964355,0.5739212036132812,0.33321213697353175,2.401772052586482,0.5547819222320103
kid_bucket,22,Fixed mixture (NR),0.800706196597432,0.34773345724412374,0.6386052035033544,0.5291001920441106,0.7587172883563419
kid_bucket,22,Fixed mixture (FR),0.7704850475909925,0.3708980180342579,0.6131073880016826,0.6441525218574237,0.7612474912643729
kid_bucket,22,TAS NR,0.9102349877357483,0.29489684104919434,0.7223821604121803,0.43284884270456614,0.8060919251473325
kid_bucket,22,TAS FR,0.8726099133491516,0.3284539580345154,0.6852395709743824,0.5467236134392582,0.7867142916690028
kid_bucket,30,FreeLook prior,0.9222045540809631,0.322785347700119,0.6758237878257539,1.5544679368827354,0.7576290552625753
kid_bucket,30,Artifact only (NR),0.24212637543678284,0.4839802086353302,0.4396382589535789,1.475072706965679,0.6042351566884456
kid_bucket,30,Artifact only (FR),0.23274780809879303,0.5269320607185364,0.3863600594201128,1.7959180719501902,0.6090755962517347
kid_bucket,30,Fixed mixture (NR),0.8018605595510296,0.32424480766875163,0.6628749956811882,0.4964217898173591,0.7232487268462561
kid_bucket,30,Fixed mixture (FR),0.7746005312230816,0.3489270579673324,0.6368296890850008,0.6011187603526892,0.7202941518269067
kid_bucket,30,TAS NR,0.9068388342857361,0.28992992639541626,0.714357747203421,0.45386011135791604,0.7431619841992105
kid_bucket,30,TAS FR,0.8709473013877869,0.31572258472442627,0.6882636536102186,0.534462987016143,0.7326096557756576
kid_bucket,32,FreeLook prior,0.9387702941894531,0.2599724233150482,0.7337173384887559,0.7655067815329137,0.8996873490638352
kid_bucket,32,Artifact only (NR),0.21320167183876038,0.5136036276817322,0.411986150025167,1.810526992603821,0.566557300872968
kid_bucket,32,Artifact only (FR),0.20525431632995605,0.5478599667549133,0.3690350695995774,2.0792671726916456,0.5738287298616903
kid_bucket,32,Fixed mixture (NR),0.8186028945917885,0.3117165198630802,0.6885485812021785,0.3963579412892387,0.8026615676020269
kid_bucket,32,Fixed mixture (FR),0.7899541896592643,0.3334889467939263,0.6649349882948753,0.47141746520375716,0.8023851524004547
kid_bucket,32,TAS NR,0.925458550453186,0.2504858672618866,0.753189696581535,0.28798108786771753,0.8564021825632117
kid_bucket,32,TAS FR,0.8896466493606567,0.2864251732826233,0.72293918438651,0.37036190606142483,0.8334344444219187
kid_rubble,14,FreeLook prior,0.8249549865722656,0.2951618432998657,0.6935151709700635,0.6581315172245072,0.8009311445045424
kid_rubble,14,Artifact only (NR),0.0005728304386138916,0.5421010851860046,0.3572794764513548,2.1775413472675744,0.5199734156072158
kid_rubble,14,Artifact only (FR),-0.00861591100692749,0.6037896275520325,0.2852958518771852,3.1570694912443,0.5251484591085862
kid_rubble,14,Fixed mixture (NR),0.5578069593639736,0.35538807326148203,0.5885309469016562,0.5655970339098825,0.7035702291217292
kid_rubble,14,Fixed mixture (FR),0.5010328681620909,0.3835037573213762,0.557285511140952,0.6955461621279533,0.6964699787607701
kid_rubble,14,TAS NR,0.7689476609230042,0.30051103234291077,0.6645873510656638,0.4291330389331474,0.7609311204456837
kid_rubble,14,TAS FR,0.6760014295578003,0.33753108978271484,0.6192358789153656,0.5549383825282891,0.7324976255280412
kid_rubble,19,FreeLook prior,0.8032495379447937,0.34127599000930786,0.6517425905783065,2.208421460958403,0.7379367224127049
kid_rubble,19,Artifact only (NR),0.053815897554159164,0.4953450560569763,0.41499470397561683,1.721634013672716,0.598854603869494
kid_rubble,19,Artifact only (FR),0.04424931854009628,0.553655207157135,0.3474163614790475,2.4320215326078913,0.6069007570889506
kid_rubble,19,Fixed mixture (NR),0.61371225708076,0.34140504698862306,0.628659508071907,0.6515155490625715,0.69543270471023
kid_rubble,19,Fixed mixture (FR),0.5713166612507112,0.37293469665488227,0.5976128041599403,0.8921032664709727,0.6835371354637207
kid_rubble,19,TAS NR,0.7676566243171692,0.31469786167144775,0.6708162601593551,0.6533280540135755,0.7162368444573369
kid_rubble,19,TAS FR,0.7059566974639893,0.3431237041950226,0.6415310427685516,0.8481993318006442,0.7019181432834114
kid_rubble,63,FreeLook prior,0.8441037535667419,0.3289668560028076,0.6619451221235397,2.017836242985798,0.8659085490550672
kid_rubble,63,Artifact only (NR),0.14127668738365173,0.4567349851131439,0.47696123546995445,1.1741424302695893,0.6588444590274998
kid_rubble,63,Artifact only (FR),0.1343899816274643,0.48836174607276917,0.4370451562762818,1.4839232728762966,0.6593948668951345
kid_rubble,63,Fixed mixture (NR),0.7446611989417837,0.299986013237639,0.7018823003460094,0.43371593717407636,0.8289429723607269
kid_rubble,63,Fixed mixture (FR),0.7191613869106508,0.316788541075554,0.6843312311841525,0.5104320403551321,0.8251889325668611
kid_rubble,63,TAS NR,0.8403639197349548,0.27895644307136536,0.7186445506231293,0.4422793976026351,0.8593105703526099
kid_rubble,63,TAS FR,0.8124085664749146,0.2930372655391693,0.7127004451886647,0.48496047588160807,0.8483748920468217
kid_rubble,71,FreeLook prior,0.8552064299583435,0.26095378398895264,0.7284246060637859,0.7730838390655834,0.8808634173714184
kid_rubble,71,Artifact only (NR),0.14411702752113342,0.4543290138244629,0.4870135783984665,1.169382400981653,0.6691691497409153
kid_rubble,71,Artifact only (FR),0.1384103000164032,0.48498010635375977,0.4457008517332029,1.437411569100512,0.6698088470385359
kid_rubble,71,Fixed mixture (NR),0.7218850366986029,0.27626608497715693,0.7077621004435877,0.31468506331905877,0.853421281621874
kid_rubble,71,Fixed mixture (FR),0.6907222743414821,0.2908056551426164,0.6918049535713683,0.3549476844176133,0.8490286445052174
kid_rubble,71,TAS NR,0.8510445952415466,0.23277103900909424,0.7556816835941946,0.24484556979197977,0.8900746184724413
kid_rubble,71,TAS FR,0.8111575245857239,0.2541036307811737,0.7379150619128413,0.28539414481949954,0.8776116811943657
laughing_bear,10,FreeLook prior,0.8093324899673462,0.29452529549598694,0.6931604747900088,1.0767536557397897,0.9255615918549015
laughing_bear,10,Artifact only (NR),-0.06100999936461449,0.5370927453041077,0.37610630604438117,1.930052669821137,0.46638749839746774
laughing_bear,10,Artifact only (FR),-0.056309524923563004,0.5842811465263367,0.32477257987920494,2.870155207955108,0.4666203163423452
laughing_bear,10,Fixed mixture (NR),0.754340152347023,0.32463183869575024,0.6435981749288116,0.4339568415767144,0.827361311763404
laughing_bear,10,Fixed mixture (FR),0.7241590117619652,0.34813093535436745,0.6201132294701425,0.5332369517445931,0.8160163639379627
laughing_bear,10,TAS NR,0.8049191832542419,0.27160027623176575,0.7089164060488364,0.32893890708456863,0.8962703949321335
laughing_bear,10,TAS FR,0.7872520685195923,0.3039296269416809,0.6750957650667068,0.4298295986816109,0.8643281904434857
laughing_bear,11,FreeLook prior,0.9002149701118469,0.2848498225212097,0.7131816044912226,1.1707195885312287,0.8877460865607542
laughing_bear,11,Artifact only (NR),-0.09750133752822876,0.5019834041595459,0.4228588083267761,1.647335019571926,0.44346354760705303
laughing_bear,11,Artifact only (FR),-0.0929274708032608,0.5509799718856812,0.3696753782080952,2.5282191081394974,0.4436614373244226
laughing_bear,11,Fixed mixture (NR),0.8058115906196833,0.29163933750794496,0.6874013927962797,0.3506064140168938,0.8096292213040547
laughing_bear,11,Fixed mixture (FR),0.7661552511274035,0.31881613949552196,0.6616774916825502,0.46803932206094095,0.7980866067655888
laughing_bear,11,TAS NR,0.8877516388893127,0.2456028163433075,0.7446690125252413,0.28195931264552665,0.8618645274894157
laughing_bear,11,TAS FR,0.8580313920974731,0.27696719765663147,0.7180258033703808,0.3827664781484475,0.8383818860683735
laughing_bear,16,FreeLook prior,0.7580666542053223,0.3307301104068756,0.6493317149633474,1.2590020640378052,0.8676978102614498
laughing_bear,16,Artifact only (NR),-0.053575389087200165,0.4553191363811493,0.48085782823802803,1.2061724149042838,0.4812788776266541
laughing_bear,16,Artifact only (FR),-0.05321680009365082,0.4849259853363037,0.44973808857651115,1.6634440025102368,0.4826747670789302
laughing_bear,16,Fixed mixture (NR),0.6838955552743708,0.30306580997660515,0.6684957220239611,0.4025911713076963,0.7984881821735469
laughing_bear,16,Fixed mixture (FR),0.6593177004863219,0.3165254354793415,0.6548167425485824,0.4706630696544438,0.7898134633478138
laughing_bear,16,TAS NR,0.7489691972732544,0.28411051630973816,0.6921153137960453,0.376290457784668,0.8476046501100617
laughing_bear,16,TAS FR,0.7280986309051514,0.29457953572273254,0.6822408017311964,0.42414710150475216,0.8274818065073133
laughing_bear,24,FreeLook prior,0.893113911151886,0.2952600121498108,0.7137993672403808,1.6909706252358792,0.9222219379669209
laughing_bear,24,Artifact only (NR),-0.0686463937163353,0.42657479643821716,0.5288429875709322,0.9783507071489946,0.4916736512440451
laughing_bear,24,Artifact only (FR),-0.07053491473197937,0.44828858971595764,0.503482130984403,1.207172909318116,0.4895012519727554
laughing_bear,24,Fixed mixture (NR),0.8224727654521307,0.2435282007892913,0.7525304817801988,0.23833000477511998,0.8850141047265035
laughing_bear,24,Fixed mixture (FR),0.8031522488027167,0.2565514485418435,0.7392851908424751,0.278312355734472,0.8764745999873554
laughing_bear,24,TAS NR,0.8838604092597961,0.22443710267543793,0.7690366400642669,0.23769128330783576,0.9175362946100318
laughing_bear,24,TAS FR,0.8653597831726074,0.23285920917987823,0.7650247002790487,0.2514941748779917,0.9071060729830875
man_desert,10,FreeLook prior,0.94063800573349,0.2571674883365631,0.7648355491791836,0.5161295784784853,0.8462414901312891
man_desert,10,Artifact only (NR),0.3053017556667328,0.5539398789405823,0.36238569695070993,3.609534048841694,0.5756351856308457
man_desert,10,Artifact only (FR),0.29469701647758484,0.6194340586662292,0.2896349418102307,4.419198038040832,0.5502686141252985
man_desert,10,Fixed mixture (NR),0.789113264268722,0.35065881766340423,0.6317963041836533,0.5927627432899822,0.7548399651328171
man_desert,10,Fixed mixture (FR),0.739682006065901,0.3799675293365917,0.6008313798162013,0.6962975774955417,0.7692195703014736
man_desert,10,TAS NR,0.9168651103973389,0.27974075078964233,0.7395585379095342,0.41911990051210635,0.7997944726890953
man_desert,10,TAS FR,0.8581305742263794,0.32474586367607117,0.6835983093713544,0.5399846398211607,0.787213043493541
man_desert,11,FreeLook prior,0.8693669438362122,0.3205811381340027,0.6945535214941957,1.0341856280170332,0.8430319034633159
man_desert,11,Artifact only (NR),0.27725520730018616,0.5635560750961304,0.3563183393769194,3.81198769963311,0.5688636624145096
man_desert,11,Artifact only (FR),0.2686942219734192,0.6261608600616455,0.2856396900211157,4.377898407004916,0.5576944916938251
man_desert,11,Fixed mixture (NR),0.7490864070784663,0.3758600051883235,0.6072847405354969,0.7204046725115298,0.7681621284417667
man_desert,11,Fixed mixture (FR),0.7063409348154673,0.4056240693137883,0.5748135125594481,0.8817087219259394,0.7818234130792863
man_desert,11,TAS NR,0.8588167428970337,0.3225351870059967,0.6873929665358942,0.5824841319248507,0.8132131561563867
man_desert,11,TAS FR,0.8134504556655884,0.3610120415687561,0.6424613707966269,0.746228013636105,0.8008931002431818
man_desert,16,FreeLook prior,0.9100857973098755,0.34519654512405396,0.6428161052424839,1.5172799065760014,0.781678610094387
man_desert,16,Artifact only (NR),0.23714476823806763,0.541897177696228,0.3723425495232705,2.7444430787799803,0.5239269411211968
man_desert,16,Artifact only (FR),0.23410949110984802,0.5918257832527161,0.32006963221211304,3.6765624555985217,0.5218652001009367
man_desert,16,Fixed mixture (NR),0.8015976455382525,0.3683102835661582,0.632905067659759,0.7529586452789971,0.6938801973735735
man_desert,16,Fixed mixture (FR),0.7741222085704719,0.39309168651244697,0.6084364247451098,0.9400847916486708,0.701110762465521
man_desert,16,TAS NR,0.8968930840492249,0.3271094560623169,0.6801768528989405,0.6598066688911679,0.7310423331814687
man_desert,16,TAS FR,0.8640136122703552,0.35604357719421387,0.6597649316409065,0.8304021476845544,0.7215043870344414
man_desert,19,FreeLook prior,0.8656632304191589,0.3159482181072235,0.6654982845094948,0.9434449585517319,0.8353648395330194
man_desert,19,Artifact only (NR),0.17980237305164337,0.5729146599769592,0.3363462318963222,2.4474495357966215,0.4799624489836944
man_desert,19,Artifact only (FR),0.1743682473897934,0.6170465350151062,0.2926679240881419,3.2891005101490656,0.4867319723882849
man_desert,19,Fixed mixture (NR),0.7271844738332985,0.400919557456134,0.5879683345031754,0.7471914998757365,0.7013485529685539
man_desert,19,Fixed mixture (FR),0.6988922120910411,0.4219732958674638,0.5645228550082284,0.8881608255255122,0.7061863534184121
man_desert,19,TAS NR,0.836753785610199,0.3417644202709198,0.652886259893073,0.5909374430922631,0.7686665631108676
man_desert,19,TAS FR,0.7948014140129089,0.3773028552532196,0.6196912461066543,0.7460776155596985,0.7418453327053022
man_door,10,FreeLook prior,0.9067986011505127,0.2734929621219635,0.741044176351005,0.7978533487644835,0.8098454836771638
man_door,10,Artifact only (NR),-0.038783252239227295,0.6134510636329651,0.27092954412220366,3.175389521090896,0.5021660055752859
man_door,10,Artifact only (FR),-0.04839238151907921,0.6799509525299072,0.18815411069835034,4.298513757639196,0.5388632092836302
man_door,10,Fixed mixture (NR),0.6341477960738968,0.3799831163693328,0.5809476735758966,0.7227792731385946,0.7257409437722218
man_door,10,Fixed mixture (FR),0.5599702740419326,0.41328560348259513,0.5422810071487991,0.889303232038327,0.7132692413719974
man_door,10,TAS NR,0.861091136932373,0.30020323395729065,0.7027571733169202,0.5385658283348015,0.7749580782769596
man_door,10,TAS FR,0.7628629803657532,0.3521372377872467,0.6367421301857297,0.7165200700840276,0.7490388823008362
man_door,12,FreeLook prior,0.7160993218421936,0.3470853865146637,0.6009617995004319,1.2244683707235653,0.8536883814616357
man_door,12,Artifact only (NR),-0.057930346578359604,0.6502566933631897,0.23233315574274066,3.4522555875864653,0.4584403357203506
man_door,12,Artifact only (FR),-0.06497841328382492,0.7004246711730957,0.171938189942176,4.843104790929272,0.4486958204327685
man_door,12,Fixed mixture (NR),0.5444195075727223,0.44218045340582246,0.5085648978555473,0.9244882157790129,0.7176455558785536
man_door,12,Fixed mixture (FR),0.502427654072056,0.4665814901850896,0.4796240201430872,1.0882193757887124,0.7178731661372344
man_door,12,TAS NR,0.6823055148124695,0.37301456928253174,0.5790483766747344,0.7151880170368027,0.7924935127083683
man_door,12,TAS FR,0.6282749176025391,0.4148993492126465,0.5375528116184783,0.9106781716564838,0.7588917230355068
man_door,16,FreeLook prior,0.9200500249862671,0.27472856640815735,0.758777144116032,0.965910163826424,0.8811117090807243
man_door,16,Artifact only (NR),-0.03270455077290535,0.6097971200942993,0.2802939609864556,2.5358583825014653,0.4797437999513942
man_door,16,Artifact only (FR),-0.04240100085735321,0.6564646363258362,0.22671727512519702,3.5273649169035286,0.48739103850347154
man_door,16,Fixed mixture (NR),0.7060036888753464,0.3775663416072659,0.5854265682317862,0.5846170337661296,0.7643573872311892
man_door,16,Fixed mixture (FR),0.6521356710869732,0.40080289836205935,0.5602906235629778,0.7066737554523929,0.757342957230909
man_door,16,TAS NR,0.8907672762870789,0.2966185510158539,0.714963229161712,0.4025642104498952,0.8340386448111804
man_door,16,TAS FR,0.8235410451889038,0.34221988916397095,0.6537787886807828,0.5517326217142566,0.8035756684755206
man_door,22,FreeLook prior,0.8873293995857239,0.2564446032047272,0.7397615903182971,0.8378167770261622,0.9277032970396054
man_door,22,Artifact only (NR),-0.04544934257864952,0.5772016048431396,0.3163974950735232,2.28381594603346,0.4496363192987362
man_door,22,Artifact only (FR),-0.051453832536935806,0.6191105246543884,0.2692991445408311,3.09016111024676,0.4495052345016449
man_door,22,Fixed mixture (NR),0.702738047915426,0.34222498151868347,0.6261448271845337,0.47276450010882337,0.795301666936684
man_door,22,Fixed mixture (FR),0.6632785408243486,0.36420357030580597,0.6007307838821948,0.5624526705534282,0.788410347095115
man_door,22,TAS NR,0.8553174734115601,0.263628214597702,0.7193054067323367,0.3060060272884633,0.8773059128610327
man_door,22,TAS FR,0.8021062612533569,0.3063019812107086,0.673319822647747,0.41918482812445557,0.8452983049865096
man_weaving,10,FreeLook prior,0.8088110685348511,0.2853291630744934,0.7033786484680331,0.4802863377085578,0.7922986943491891
man_weaving,10,Artifact only (NR),-0.03176822513341904,0.48720887303352356,0.4462876748429971,1.741055795506172,0.5193523564150017
man_weaving,10,Artifact only (FR),-0.03935093805193901,0.5415627360343933,0.3843883440563598,2.619753751513542,0.5120699146919815
man_weaving,10,Fixed mixture (NR),0.617600561748949,0.3142612067725782,0.6395366573920861,0.4223080167512012,0.7201157509883237
man_weaving,10,Fixed mixture (FR),0.5589037304451147,0.3346508568237722,0.6155165000016088,0.4898822523178006,0.7087106654665769
man_weaving,10,TAS NR,0.7831361293792725,0.275012731552124,0.6962840042888115,0.33318302361235086,0.7725747369512611
man_weaving,10,TAS FR,0.7174057364463806,0.2982141375541687,0.6645748278899837,0.39451656363720283,0.7464592786994617
man_weaving,26,FreeLook prior,0.8060107231140137,0.27292174100875854,0.6974315179046361,0.47675783631927726,0.82046711455684
man_weaving,26,Artifact only (NR),-0.06550190597772598,0.4397070109844208,0.501336607261595,1.1865951104551642,0.4651704572872105
man_weaving,26,Artifact only (FR),-0.07019387185573578,0.47199520468711853,0.46416152421727247,1.5624369213597764,0.46491116989250664
man_weaving,26,Fixed mixture (NR),0.6454019658890234,0.2756483261426761,0.7053217723076404,0.3443624165639833,0.7423632449304997
man_weaving,26,Fixed mixture (FR),0.6127802438930365,0.2895446301326048,0.6882895724004933,0.3848535733362693,0.7344995083644338
man_weaving,26,TAS NR,0.7807090878486633,0.24764858186244965,0.7322016980439449,0.297586086107466,0.7976239796132338
man_weaving,26,TAS FR,0.736411988735199,0.2619205415248871,0.7203197594461116,0.3280090096697039,0.7749773406661739
man_weaving,80,FreeLook prior,0.8419376015663147,0.25396856665611267,0.7450730685059697,0.6024328108199005,0.8965874570416181
man_weaving,80,Artifact only (NR),-0.02576305717229843,0.40651756525039673,0.5422750729981416,1.0119894942887635,0.5079561306305549
man_weaving,80,Artifact only (FR),-0.029054883867502213,0.4303549528121948,0.5142469330732397,1.2130045250316417,0.5086549137690188
man_weaving,80,Fixed mixture (NR),0.6794316414074203,0.2367114052020912,0.744127962806394,0.23417933648658468,0.8317713253629122
man_weaving,80,Fixed mixture (FR),0.6483857881789183,0.24710460682184954,0.7314770174430664,0.259752644707934,0.8195293946718046
man_weaving,80,TAS NR,0.8249572515487671,0.2085692137479782,0.7894215392808115,0.1920868652614626,0.8915808041429106
man_weaving,80,TAS FR,0.7811902761459351,0.21893689036369324,0.7746628788883841,0.20996773764189755,0.8729373985125553
man_weaving,87,FreeLook prior,0.8123610019683838,0.27152785658836365,0.7248849072125735,0.7958539944399886,0.9001334466859622
man_weaving,87,Artifact only (NR),-0.010366953909397125,0.4056634306907654,0.5411591212587807,1.0277287163333193,0.4873370490480587
man_weaving,87,Artifact only (FR),-0.010385982692241669,0.42707425355911255,0.5150404821301056,1.2176479863653726,0.48942080922256176
man_weaving,87,Fixed mixture (NR),0.681498841287203,0.23967705491558022,0.7313356799948693,0.24568465855351956,0.8268981547178441
man_weaving,87,Fixed mixture (FR),0.6581752537816501,0.24986848594580954,0.7196501632390198,0.27270100995344626,0.8195373476701073
man_weaving,87,TAS NR,0.7990751266479492,0.21916605532169342,0.7663156396605123,0.21585443269093646,0.8837334584056891
man_weaving,87,TAS FR,0.7662572860717773,0.22646866738796234,0.7554068310647332,0.23069950605912315,0.8641571940299734
monk,11,FreeLook prior,0.9561187028884888,0.23731112480163574,0.7767080585943846,0.756178455219885,0.9246543685360926
monk,11,Artifact only (NR),0.06747813522815704,0.5724048018455505,0.3338554334805224,2.8940348348252507,0.6257716239343364
monk,11,Artifact only (FR),0.054749488830566406,0.6214507222175598,0.269814343178215,3.285509662103565,0.6378775691190833
monk,11,Fixed mixture (NR),0.763367075940235,0.3381929686184321,0.6411460733601196,0.624575740830068,0.8317077860067355
monk,11,Fixed mixture (FR),0.7135283555854486,0.36129109256152747,0.6131607161822796,0.6454201557784447,0.8324249587846404
monk,11,TAS NR,0.9327389001846313,0.25526121258735657,0.7674942936474026,0.4550861240308846,0.8878271108744055
monk,11,TAS FR,0.8718513250350952,0.3003738522529602,0.7099623856578564,0.5052850431209799,0.8613061293744361
monk,18,FreeLook prior,0.8915587663650513,0.29638662934303284,0.7241514095000661,1.398850651309615,0.9093141091776331
monk,18,Artifact only (NR),0.09442922472953796,0.5517041683197021,0.3593777573307662,2.107700733076345,0.6570809616649514
monk,18,Artifact only (FR),0.08140022307634354,0.5918617248535156,0.3096148365157483,2.592233362863053,0.6658609088035501
monk,18,Fixed mixture (NR),0.7013313818825015,0.3600671162071065,0.6223228472627577,0.7312836695069896,0.8255866019465495
monk,18,Fixed mixture (FR),0.6597831889679693,0.3801515976262047,0.600372034616072,0.8511094587518289,0.8213363805726717
monk,18,TAS NR,0.8658854961395264,0.3003663122653961,0.712948828330005,0.6228829629084881,0.8757574446044686
monk,18,TAS FR,0.8058232069015503,0.334462434053421,0.6741111955960073,0.752041425597612,0.8482440779220396
monk,20,FreeLook prior,0.8872948288917542,0.26094508171081543,0.7607581133853044,0.4694829164347446,0.8723786350560837
monk,20,Artifact only (NR),0.08382529765367508,0.546542763710022,0.3649268926737362,2.0538120249606187,0.6796873261441191
monk,20,Artifact only (FR),0.0716785341501236,0.5870296359062195,0.31400149686270046,2.515901308842548,0.6885740312293341
monk,20,Fixed mixture (NR),0.647978988975444,0.3546137867067111,0.6155147683790697,0.5671570978697396,0.8080343076040545
monk,20,Fixed mixture (FR),0.6050712993723347,0.3730065019191128,0.5932561051845424,0.6469438904782578,0.7991544694535616
monk,20,TAS NR,0.8460533022880554,0.28718268871307373,0.7167204849239098,0.4118269113975126,0.8473629402387142
monk,20,TAS FR,0.769489049911499,0.3230035603046417,0.667603251483713,0.5103935281255257,0.8209151148042801
monk,61,FreeLook prior,0.8232916593551636,0.3039270341396332,0.6870307032590997,0.49447931643990384,0.7815931120476483
monk,61,Artifact only (NR),0.047859154641628265,0.5517582297325134,0.3569611366280521,2.1007320328817825,0.5424517792441131
monk,61,Artifact only (FR),0.04264112189412117,0.5845444202423096,0.3174635920123823,2.5936200338699575,0.5402751324184197
monk,61,Fixed mixture (NR),0.5765544876356163,0.37347450714319447,0.5849927972440104,0.6420301225140282,0.6912405713976213
monk,61,Fixed mixture (FR),0.5422957023509354,0.38690725560523753,0.5698954633976,0.7002891232219638,0.6909643349943223
monk,61,TAS NR,0.7824008464813232,0.31872156262397766,0.6646520095665689,0.48497567810127706,0.7356907620409247
monk,61,TAS FR,0.70786052942276,0.34520095586776733,0.6286514450528766,0.5666363076780364,0.7154739342091502
mountain_chateau,11,FreeLook prior,0.9208606481552124,0.2579096555709839,0.7408650750224625,1.0162626346536696,0.960124859012093
mountain_chateau,11,Artifact only (NR),0.43562665581703186,0.46507203578948975,0.48247309837911684,1.4222888854582447,0.7504324990672291
mountain_chateau,11,Artifact only (FR),0.41727280616760254,0.5191926956176758,0.42214349983079774,2.045479876176776,0.7483910230376025
mountain_chateau,11,Fixed mixture (NR),0.8269176210874768,0.2946421636031901,0.7031470134301779,0.4333312880713773,0.9150598660021589
mountain_chateau,11,Fixed mixture (FR),0.794040681244743,0.3204509698238785,0.6693433880356642,0.5590971258446159,0.9102252605649729
mountain_chateau,11,TAS NR,0.9113501310348511,0.2475937157869339,0.7591025660331585,0.3630837078071895,0.9501226320080107
mountain_chateau,11,TAS FR,0.8747124075889587,0.28011661767959595,0.7267886371488934,0.47931977289597383,0.9324736763002653
mountain_chateau,42,FreeLook prior,0.8710892200469971,0.2775334119796753,0.6992697611156489,1.0098859358007655,0.9524878961400993
mountain_chateau,42,Artifact only (NR),0.5092810392379761,0.38261863589286804,0.577711697810848,0.7501984099143605,0.8048855516863175
mountain_chateau,42,Artifact only (FR),0.502644419670105,0.40173619985580444,0.5571156851971829,0.8937115336178065,0.8053624198520816
mountain_chateau,42,Fixed mixture (NR),0.8451881378555114,0.25493594680886317,0.7344396922084497,0.2900372843593521,0.9318144611971851
mountain_chateau,42,Fixed mixture (FR),0.8346620601309003,0.26587119328648107,0.7199991355317287,0.3295155435993077,0.9285645945743497
mountain_chateau,42,TAS NR,0.8780087232589722,0.23738209903240204,0.7455924983954776,0.2800370611146361,0.95625876868302
mountain_chateau,42,TAS FR,0.8690720200538635,0.2465880960226059,0.7399905702668494,0.3024649838928301,0.9468319001903681
mountain_chateau,43,FreeLook prior,0.8490509986877441,0.2907233238220215,0.6878853217773738,0.7348265447672628,0.8898545565258925
mountain_chateau,43,Artifact only (NR),0.48948514461517334,0.3913526237010956,0.5687462625162613,0.916679469067461,0.7660181997264264
mountain_chateau,43,Artifact only (FR),0.48562541604042053,0.4102284014225006,0.5499418418042623,1.088410169393548,0.764188753231937
mountain_chateau,43,Fixed mixture (NR),0.8198765016816366,0.2808861702737917,0.7242644684435375,0.4053678019306729,0.8663378401568552
mountain_chateau,43,Fixed mixture (FR),0.8096793056513775,0.29017360220915267,0.7118671719738208,0.452660637868435,0.8646598432384773
mountain_chateau,43,TAS NR,0.857397198677063,0.2647280991077423,0.7297838231806184,0.37934005276244975,0.8891511715400648
mountain_chateau,43,TAS FR,0.8479318022727966,0.27287599444389343,0.7272019493929986,0.41390065884897786,0.8810079683662748
mountain_chateau,68,FreeLook prior,0.8622003793716431,0.2727654278278351,0.7030972021298036,0.7326184913733479,0.9350892953395367
mountain_chateau,68,Artifact only (NR),0.5397865176200867,0.36051467061042786,0.6030306518182806,0.6461308486004488,0.8144763675731738
mountain_chateau,68,Artifact only (FR),0.535746693611145,0.3778289258480072,0.5838607045359506,0.7578391160033492,0.8170001087912027
mountain_chateau,68,Fixed mixture (NR),0.8362206353138485,0.2530472473738266,0.7428489702477354,0.3103540478435135,0.9099115789701471
mountain_chateau,68,Fixed mixture (FR),0.8265221167634197,0.2629729101491621,0.7289919684715828,0.3518515283833104,0.9076127933194256
mountain_chateau,68,TAS NR,0.8688570261001587,0.24037791788578033,0.7505544909407237,0.3038594596740108,0.9300923180941315
mountain_chateau,68,TAS FR,0.8597087264060974,0.24770595133304596,0.7467418984001007,0.3292491885803617,0.9216750754081705
satellite,11,FreeLook prior,0.8357377648353577,0.2918533384799957,0.6888633112962859,0.6452255379296632,0.8676419835643986
satellite,11,Artifact only (NR),0.20808115601539612,0.4992316663265228,0.4422300927314196,1.9484381889536218,0.5928109428940698
satellite,11,Artifact only (FR),0.2096189558506012,0.5426342487335205,0.398358318359866,2.566313046716737,0.6008817907336481
satellite,11,Fixed mixture (NR),0.7257262071807518,0.32428712197906234,0.667962969724638,0.47938142139208323,0.7887528575324301
satellite,11,Fixed mixture (FR),0.7006251582730948,0.3412269632258706,0.6472622561702464,0.5550058055535236,0.786621877788399
satellite,11,TAS NR,0.8246347308158875,0.2789318263530731,0.7131645748214582,0.3765457817050841,0.8390144709983578
satellite,11,TAS FR,0.7916431427001953,0.30288565158843994,0.6913222449900658,0.45165316640538705,0.818702165658522
satellite,13,FreeLook prior,0.77459317445755,0.2718190848827362,0.7026985721975126,0.4668271885260589,0.9037920272937513
satellite,13,Artifact only (NR),0.33575478196144104,0.43679332733154297,0.5110120454474666,1.4639433580670562,0.6491005281688065
satellite,13,Artifact only (FR),0.33327940106391907,0.47754329442977905,0.47262953255057455,2.073527896687046,0.6547570090560585
satellite,13,Fixed mixture (NR),0.7224862793269031,0.2724799325679047,0.7003945610704664,0.32298486675613186,0.8406652425009058
satellite,13,Fixed mixture (FR),0.70433079806059,0.2872139052936062,0.6842067221100007,0.373569513069801,0.8358874497401088
satellite,13,TAS NR,0.7872766256332397,0.24009545147418976,0.737368356244172,0.2538905649248924,0.8897092542221471
satellite,13,TAS FR,0.7698733806610107,0.2559983730316162,0.719874659627708,0.2992014004887454,0.8689145374778633
satellite,17,FreeLook prior,0.8663345575332642,0.2874237298965454,0.6884856218967463,0.8136163902972114,0.9134967154178546
satellite,17,Artifact only (NR),0.2495061308145523,0.4455883800983429,0.5031944063062633,1.385715804576941,0.6301046910097695
satellite,17,Artifact only (FR),0.25373417139053345,0.48705795407295227,0.461476375436139,1.9617713536592842,0.6387094647612978
satellite,17,Fixed mixture (NR),0.7592026170301038,0.2842105582756608,0.7093304932280878,0.3854479096413526,0.8396648672704554
satellite,17,Fixed mixture (FR),0.7379721237094641,0.3037991708484015,0.6866901386313378,0.47114993680612605,0.8365043136914215
satellite,17,TAS NR,0.8560924530029297,0.25229573249816895,0.7373849754489965,0.32471608727638257,0.8946659344776975
satellite,17,TAS FR,0.8251990079879761,0.2722960412502289,0.7214786337980892,0.3944121607988141,0.8715249248090576
satellite,82,FreeLook prior,0.7673122882843018,0.2655155658721924,0.7195418168663772,0.7758777798479013,0.838666699624497
satellite,82,Artifact only (NR),0.28921520709991455,0.3874375820159912,0.5694861095681566,0.9427861170802664,0.6315065686373145
satellite,82,Artifact only (FR),0.2966364324092865,0.4144909381866455,0.5403894216568819,1.1688620845066688,0.6355205651990731
satellite,82,Fixed mixture (NR),0.7035488660489855,0.23901159748278689,0.7485692309854587,0.25826444110608954,0.8028936092494463
satellite,82,Fixed mixture (FR),0.6914972074171719,0.2494164125490315,0.738039320788797,0.2858179899367707,0.8030628329155601
satellite,82,TAS NR,0.7818936705589294,0.21900907158851624,0.7668921865676945,0.229848058801835,0.8448216267349927
satellite,82,TAS FR,0.7658934593200684,0.22639672458171844,0.7628231001087954,0.24445341572441415,0.8343903896962516
seal_ice,11,FreeLook prior,0.8858593702316284,0.2904224991798401,0.7181416569896149,0.9690302713219792,0.8892622134179387
seal_ice,11,Artifact only (NR),0.0664670467376709,0.5807904601097107,0.3367297143335219,2.8965408227034692,0.5202980676644536
seal_ice,11,Artifact only (FR),0.054476477205753326,0.6535782217979431,0.2451344712037523,4.0800477720072585,0.5212119740414091
seal_ice,11,Fixed mixture (NR),0.7090571554264588,0.37504275063268877,0.6146147643896449,0.6488660535682712,0.7884882680704719
seal_ice,11,Fixed mixture (FR),0.63983354663269,0.41015413403360035,0.5711672325193062,0.8080740155362127,0.7877388878651667
seal_ice,11,TAS NR,0.8568048477172852,0.3071366846561432,0.7014007549315991,0.49188568481837247,0.8493313068037665
seal_ice,11,TAS FR,0.7876511812210083,0.35553908348083496,0.650144642862465,0.6553384738398813,0.8207224922793505
seal_ice,24,FreeLook prior,0.8400430679321289,0.30189692974090576,0.6844452359866467,0.8996649383583342,0.853455149349759
seal_ice,24,Artifact only (NR),0.09543637931346893,0.5155434012413025,0.41747780266792395,1.6831750510831702,0.5097943324395253
seal_ice,24,Artifact only (FR),0.08858849108219147,0.5631071329116821,0.36286653109067407,2.4588639048594807,0.5021666560237564
seal_ice,24,Fixed mixture (NR),0.7004499252928823,0.341449654388317,0.6456530391966764,0.4883595944007148,0.7466998278192296
seal_ice,24,Fixed mixture (FR),0.6602846072274368,0.3650271736720392,0.6206456265342069,0.592138353551241,0.7426801217159447
seal_ice,24,TAS NR,0.8224461078643799,0.2955760359764099,0.7000865897960054,0.3939400274996619,0.8121975790997056
seal_ice,24,TAS FR,0.7770606279373169,0.32612353563308716,0.6721376585897131,0.4925786291242201,0.7826547854905216
seal_ice,60,FreeLook prior,0.9393486380577087,0.27471548318862915,0.7133400426649698,1.2420241668324343,0.9114810619775549
seal_ice,60,Artifact only (NR),0.1108776181936264,0.45566344261169434,0.48050712364798454,1.0947008440314092,0.5705798403696528
seal_ice,60,Artifact only (FR),0.1015622466802597,0.4871741831302643,0.43903147044796725,1.330308567143126,0.5712896915629323
seal_ice,60,Fixed mixture (NR),0.8286077162649206,0.2787371495635684,0.7174148485980132,0.32421744758782395,0.814480700751006
seal_ice,60,Fixed mixture (FR),0.800228677767534,0.2994164621153858,0.6940772852014515,0.3847555353951909,0.8118462820787953
seal_ice,60,TAS NR,0.9241947531700134,0.2425999939441681,0.749086648255449,0.28313175867242324,0.8761397099383768
seal_ice,60,TAS FR,0.8920296430587769,0.2664964497089386,0.7324238304086645,0.3305561176175904,0.8500049194269311
seal_ice,85,FreeLook prior,0.9074657559394836,0.2961379885673523,0.7093744515808539,1.5523397946667814,0.8314170979340336
seal_ice,85,Artifact only (NR),0.07986705005168915,0.4635253846645355,0.4620733373349438,1.109744564297146,0.5404583542848629
seal_ice,85,Artifact only (FR),0.07343047857284546,0.48520711064338684,0.43219573402688954,1.2416057694940852,0.5457487590213129
seal_ice,85,Fixed mixture (NR),0.7695742590458337,0.2980907143146951,0.6916477083851911,0.4292735211943936,0.7576485664092101
seal_ice,85,Fixed mixture (FR),0.7452748899903263,0.3123179167119244,0.6748713386861629,0.47704562744694184,0.7531086326259351
seal_ice,85,TAS NR,0.8826468586921692,0.26217982172966003,0.7476095845564872,0.3990627366790235,0.7995511675447011
seal_ice,85,TAS FR,0.8452423810958862,0.2811964750289917,0.7264683104024122,0.43156142043347356,0.7816376640871103
seals_cliff,11,FreeLook prior,0.7162783741950989,0.34982430934906006,0.6249453197178072,1.4566757437307671,0.7343847177247146
seals_cliff,11,Artifact only (NR),0.03534314036369324,0.5966580510139465,0.30366502377046417,4.491502694137641,0.4778423931163301
seals_cliff,11,Artifact only (FR),0.030104249715805054,0.645993173122406,0.24487274708073598,4.859436026549189,0.4679068909252491
seals_cliff,11,Fixed mixture (NR),0.4946817907015678,0.40869610169164666,0.5564269873533881,1.197621707242359,0.6293567233052411
seals_cliff,11,Fixed mixture (FR),0.4614670241138449,0.42891466880758133,0.531263478348694,1.262820109326318,0.6299148237558401
seals_cliff,11,TAS NR,0.6663830280303955,0.35660943388938904,0.620623654166646,1.044563865457186,0.6842716767477071
seals_cliff,11,TAS FR,0.5982050895690918,0.3868406414985657,0.5859432024656277,1.1267090610914978,0.6607971581836671
seals_cliff,17,FreeLook prior,0.8254210352897644,0.33405035734176636,0.6706025542254673,1.9946398708122979,0.7182851198695941
seals_cliff,17,Artifact only (NR),0.14403663575649261,0.5568069815635681,0.3507478661155,3.6520912627263127,0.47799243896957144
seals_cliff,17,Artifact only (FR),0.13627031445503235,0.5970832705497742,0.3080783879463153,4.399961318358126,0.4720444370776716
seals_cliff,17,Fixed mixture (NR),0.6368101124469272,0.37665570358519257,0.6046886366922911,1.4038095614274082,0.6405471711357641
seals_cliff,17,Fixed mixture (FR),0.6088904305997219,0.39203568421552526,0.5868573582939735,1.5496694921167329,0.6367120964756325
seals_cliff,17,TAS NR,0.7913898825645447,0.3297286629676819,0.6831883606531444,1.305351723710298,0.6923766018156047
seals_cliff,17,TAS FR,0.7358707785606384,0.35385093092918396,0.649795558640287,1.4669046202578795,0.6693573652478826
seals_cliff,24,FreeLook prior,0.7304266095161438,0.3207266926765442,0.6284906642409076,0.9636407613518359,0.8873905085994349
seals_cliff,24,Artifact only (NR),0.09330295026302338,0.5539861917495728,0.36075060801238384,3.2331728139782046,0.4928634317186544
seals_cliff,24,Artifact only (FR),0.0890231728553772,0.5900139808654785,0.32173096057576833,4.217355023268154,0.4925687986320926
seals_cliff,24,Fixed mixture (NR),0.596876185386189,0.36103748044000505,0.6017944543169144,0.706711486953356,0.7651335177898855
seals_cliff,24,Fixed mixture (FR),0.5777878080828969,0.37584550536744066,0.5845582193822264,0.8197465281596903,0.7672768989406176
seals_cliff,24,TAS NR,0.7073715329170227,0.30980750918388367,0.6499294836672644,0.5592359505658421,0.8417266394141999
seals_cliff,24,TAS FR,0.6719444394111633,0.3349209129810333,0.6263289836036683,0.6925950564231825,0.8110822448421069
seals_cliff,54,FreeLook prior,0.811186671257019,0.3208148181438446,0.6491755879824253,1.6555094823764356,0.8031036095271085
seals_cliff,54,Artifact only (NR),0.1401032954454422,0.5242558717727661,0.39352410443237024,1.7475992599491013,0.544397784400655
seals_cliff,54,Artifact only (FR),0.13277174532413483,0.5549931526184082,0.36066493598638133,2.2689705117481003,0.5432575188248377
seals_cliff,54,Fixed mixture (NR),0.6633393371216958,0.3539437115575202,0.6307466905587249,0.7125300347105594,0.7292150492846602
seals_cliff,54,Fixed mixture (FR),0.6423612964942171,0.368640438212784,0.6153849348106346,0.8529867911474125,0.7268054360223806
seals_cliff,54,TAS NR,0.7847307324409485,0.3115635812282562,0.6640283565832349,0.6535276944453051,0.7784619826875545
seals_cliff,54,TAS FR,0.744254469871521,0.3340102434158325,0.6473978869445668,0.7812737062157913,0.7584144372492
short_man,17,FreeLook prior,0.8251895308494568,0.34963420033454895,0.656994215790681,2.7234888524118896,0.8741022105116288
short_man,17,Artifact only (NR),0.1607983559370041,0.4727762043476105,0.4613782918790528,2.1810855567964693,0.5732406607814698
short_man,17,Artifact only (FR),0.15885159373283386,0.5276205539703369,0.3986804820506525,2.9825177239466782,0.5724988612476112
short_man,17,Fixed mixture (NR),0.6520865211085582,0.3123340737614328,0.651798089300084,0.5049333873736387,0.8312050746665361
short_man,17,Fixed mixture (FR),0.6163979322880687,0.3445822140568296,0.6186837665563284,0.7287759888772115,0.828808349346837
short_man,17,TAS NR,0.7870379090309143,0.2964640259742737,0.694500911478895,0.5196121818350989,0.8697092722275513
short_man,17,TAS FR,0.7302031517028809,0.3206198215484619,0.6660756024719469,0.6961127024200829,0.8550869994649348
short_man,49,FreeLook prior,0.7755091190338135,0.30200231075286865,0.6992577179984307,1.529355315193919,0.9090631036225227
short_man,49,Artifact only (NR),0.2371053695678711,0.43269193172454834,0.5153287499077577,1.2752285484349102,0.6319563891935054
short_man,49,Artifact only (FR),0.23882336914539337,0.4580133557319641,0.48325258117268566,1.5486122574307195,0.6338310921536511
short_man,49,Fixed mixture (NR),0.6283747945010683,0.2815328284211845,0.6899222320998508,0.3334100634760526,0.8685455876773241
short_man,49,Fixed mixture (FR),0.6063448070777732,0.29493672848191693,0.6716181011984483,0.37356388410752367,0.8663962013037388
short_man,49,TAS NR,0.7444697022438049,0.2569483816623688,0.7241016442890691,0.293329542337014,0.9038751725498975
short_man,49,TAS FR,0.6993486285209656,0.27082177996635437,0.7055840517230197,0.32331363123438106,0.8921386406913175
short_man,80,FreeLook prior,0.8897388577461243,0.26704466342926025,0.7328908299869972,1.2723538885577073,0.953726507970427
short_man,80,Artifact only (NR),0.22835524380207062,0.4241728186607361,0.5221182387713199,1.11251166369726,0.6179552886798448
short_man,80,Artifact only (FR),0.23220191895961761,0.44273045659065247,0.4992858297022682,1.2842926604122762,0.6208667715936347
short_man,80,Fixed mixture (NR),0.7755281240633402,0.25455904781266225,0.7309086232142546,0.3180773930534314,0.8923937918673386
short_man,80,Fixed mixture (FR),0.7566927681767069,0.26514538181852465,0.717603116487777,0.3585996913660902,0.890412946625984
short_man,80,TAS NR,0.8751827478408813,0.22370308637619019,0.7699673442077043,0.28124140149069976,0.9408299265680553
short_man,80,TAS FR,0.8443295955657959,0.23717091977596283,0.7572346557446006,0.3130783353119576,0.9232852244650752
short_man,84,FreeLook prior,0.9078126549720764,0.3046315312385559,0.7087069628101537,1.9159826754390747,0.9528356737024001
short_man,84,Artifact only (NR),0.21439246833324432,0.42806291580200195,0.519875782191196,1.087829196528557,0.5855190250512242
short_man,84,Artifact only (FR),0.22000852227210999,0.44595867395401,0.4988599365046734,1.2382328891026246,0.589986248829463
short_man,84,Fixed mixture (NR),0.7675062116839995,0.2690026983345116,0.7228579184784848,0.3668538041570301,0.8862548316817469
short_man,84,Fixed mixture (FR),0.7481773184827692,0.28082012335645845,0.7076104260304136,0.41326863477306464,0.88419220398587
short_man,84,TAS NR,0.8815397620201111,0.24779929220676422,0.7571324324553298,0.36099121193942396,0.9358546594567106
short_man,84,TAS FR,0.8433899283409119,0.2587070167064667,0.745664180665395,0.3849831373249252,0.9191614578696562
snow_fox,12,FreeLook prior,0.8663120269775391,0.33856093883514404,0.6630764317929285,2.115066315231836,0.8141712653803851
snow_fox,12,Artifact only (NR),0.273309588432312,0.5108874440193176,0.43394965651470135,3.5857622678645327,0.7154564769652918
snow_fox,12,Artifact only (FR),0.26060181856155396,0.5272601842880249,0.4165515267359229,3.427086430948653,0.7045882604980467
snow_fox,12,Fixed mixture (NR),0.7711728515864059,0.35671193146581337,0.6456965657262171,1.3335217145338367,0.8116229644864027
snow_fox,12,Fixed mixture (FR),0.7629934229709616,0.3636847889476847,0.6397394465741718,1.2736165040349992,0.8124779272354927
snow_fox,12,TAS NR,0.8551803827285767,0.32316941022872925,0.6808130308454062,1.2694440736593455,0.8241606528733174
snow_fox,12,TAS FR,0.83352130651474,0.3365883231163025,0.6709696685638316,1.2362442105855693,0.8219501277614502
snow_fox,13,FreeLook prior,0.9283357262611389,0.3120640814304352,0.7199077680390822,1.8181570641667675,0.8108517890812913
snow_fox,13,Artifact only (NR),0.326907753944397,0.517746090888977,0.41992609643678036,3.370718014502209,0.7175296618898037
snow_fox,13,Artifact only (FR),0.3187327980995178,0.5254322290420532,0.4119925235299429,3.2896975963295048,0.7165698335806385
snow_fox,13,Fixed mixture (NR),0.8415917621558162,0.3545426167235848,0.6604485906756976,1.398327364787695,0.8013566814770634
snow_fox,13,Fixed mixture (FR),0.8362959129756126,0.3564593663812226,0.6572863491275965,1.310482035771074,0.8042192584940792
snow_fox,13,TAS NR,0.9176973700523376,0.3102739751338959,0.7327914717076343,1.3046521996657352,0.814879796184223
snow_fox,13,TAS FR,0.898897647857666,0.3245202898979187,0.7161874704121721,1.2572099908603689,0.8146878427530524
snow_fox,19,FreeLook prior,0.903486967086792,0.34614232182502747,0.6347985253090077,2.1560373882609,0.8994306694142064
snow_fox,19,Artifact only (NR),0.38332563638687134,0.4642798900604248,0.496289719054073,2.784613247111203,0.7246094157061219
snow_fox,19,Artifact only (FR),0.3764892816543579,0.4734576642513275,0.4881658060287198,2.8809321371460683,0.7240860594046901
snow_fox,19,Fixed mixture (NR),0.8582137105768278,0.3179716011694268,0.7044752384964692,1.0413205057097217,0.8602927059947454
snow_fox,19,Fixed mixture (FR),0.8550266121512337,0.32273918711942284,0.7003747889380515,1.0455085105310828,0.86024569786434
snow_fox,19,TAS NR,0.903189480304718,0.2988876402378082,0.6993122029252149,1.0172018911100191,0.8887584478663435
snow_fox,19,TAS FR,0.8937501311302185,0.30388596653938293,0.7096916785337706,1.020410358157192,0.878348029858614
snow_fox,22,FreeLook prior,0.9076197147369385,0.2728976011276245,0.7349572404745862,0.7541713474338515,0.8563358738298303
snow_fox,22,Artifact only (NR),0.3653525412082672,0.48043712973594666,0.46759875885725966,2.77784975942441,0.6810315365821203
snow_fox,22,Artifact only (FR),0.3627144992351532,0.48918601870536804,0.4615335833856652,2.8392694588554,0.6998333724329351
snow_fox,22,Fixed mixture (NR),0.8127861001072569,0.3191719687432926,0.6904000128166298,0.6397167781021349,0.8261108823246515
snow_fox,22,Fixed mixture (FR),0.8097022564853624,0.3217710530093787,0.6879591887831034,0.6459670617581699,0.8291642045414227
snow_fox,22,TAS NR,0.8938921093940735,0.27322402596473694,0.7524404295598665,0.5440819745312482,0.8495852961594629
snow_fox,22,TAS FR,0.8732972741127014,0.2887604534626007,0.7380189580517608,0.5745831294412963,0.846374687397243
standing_bear,11,FreeLook prior,0.8946351408958435,0.23172594606876373,0.7523006626416766,0.567141507760312,0.9677638415491664
standing_bear,11,Artifact only (NR),-0.11068619787693024,0.6513414978981018,0.21170468095771847,2.736907522767956,0.4249140344594353
standing_bear,11,Artifact only (FR),-0.1168968603014946,0.7141096591949463,0.1281604348593965,3.7382903535500698,0.4453258390039599
standing_bear,11,Fixed mixture (NR),0.6683341477858492,0.39032132511954026,0.5833774774901851,0.589656049082093,0.8231317246660672
standing_bear,11,Fixed mixture (FR),0.5833684529405976,0.42254538214890247,0.5426237778229613,0.7112408862107993,0.8185207558150641
standing_bear,11,TAS NR,0.8598097562789917,0.2838272750377655,0.7090146160041763,0.34274919817366684,0.9211355406344585
standing_bear,11,TAS FR,0.7763366103172302,0.3478180170059204,0.6440724164205621,0.5038128477780217,0.8702665752311388
standing_bear,12,FreeLook prior,0.788489580154419,0.27143487334251404,0.6871593672513695,0.4631072323231782,0.9259664610736559
standing_bear,12,Artifact only (NR),-0.12395848333835602,0.6275996565818787,0.243814867598438,2.5395780480592642,0.4200397986396661
standing_bear,12,Artifact only (FR),-0.12908588349819183,0.6973720192909241,0.15002567013796445,3.571680879172392,0.4320162125682714
standing_bear,12,Fixed mixture (NR),0.5525117535281787,0.40105801323899143,0.5563363358912906,0.64400016784923,0.745082380787589
standing_bear,12,Fixed mixture (FR),0.4777093582406646,0.4335702116516408,0.5133543989482842,0.7644229961619442,0.7517873040836638
standing_bear,12,TAS NR,0.7452499866485596,0.31517407298088074,0.6468763822037626,0.4098875528543424,0.8416835921408331
standing_bear,12,TAS FR,0.6599330902099609,0.36918342113494873,0.5913298708511348,0.5601646550009259,0.7919880323098225
standing_bear,18,FreeLook prior,0.8288841247558594,0.3151206374168396,0.6705858828431975,1.2063005641796036,0.8452589650187509
standing_bear,18,Artifact only (NR),-0.14484944939613342,0.6134659647941589,0.25268029662220065,2.275567946186819,0.40745871959290225
standing_bear,18,Artifact only (FR),-0.1488570123910904,0.6721808314323425,0.17747593965730726,3.1387313419400433,0.4141027571727575
standing_bear,18,Fixed mixture (NR),0.551247390133694,0.3994253999946364,0.5663931195068129,0.7060369459161159,0.6776140250773643
standing_bear,18,Fixed mixture (FR),0.49444401809005867,0.4298321286663403,0.5299312931915263,0.8621687779198473,0.6787961925653468
standing_bear,18,TAS NR,0.7714735269546509,0.3298661410808563,0.6567549506839294,0.5429025331861409,0.7659001802338085
standing_bear,18,TAS FR,0.6840780377388,0.375614732503891,0.6069372933407673,0.7063751791180164,0.7215042383117732
standing_bear,77,FreeLook prior,0.8920326232910156,0.28151243925094604,0.7136623030141523,1.3217387483262348,0.8368885078293038
standing_bear,77,Artifact only (NR),-0.05598815903067589,0.5422490239143372,0.33679015729046113,1.594661925814476,0.42580828127243453
standing_bear,77,Artifact only (FR),-0.06117779761552811,0.5792179703712463,0.28950660746949924,1.9545546266134224,0.4442834550953752
standing_bear,77,Fixed mixture (NR),0.6342212740443983,0.32189876978494103,0.6594725875781706,0.4996978079454964,0.6777801465437798
standing_bear,77,Fixed mixture (FR),0.5981879631409677,0.3411133453150737,0.6385949936854862,0.5855160862167675,0.6750757280799613
standing_bear,77,TAS NR,0.8578120470046997,0.26014596223831177,0.7484364816320087,0.40341154666456364,0.7664071053705506
standing_bear,77,TAS FR,0.7872174978256226,0.2918819785118103,0.7170821122316563,0.4870352609779269,0.7272630518764674
street_greeting,11,FreeLook prior,0.8427252173423767,0.35641324520111084,0.6069149891515292,1.39416716503455,0.6939740691275395
street_greeting,11,Artifact only (NR),-0.01412295177578926,0.5389572381973267,0.38138677280759714,3.5166720465416037,0.4278885743185161
street_greeting,11,Artifact only (FR),-0.008008338510990143,0.6065257787704468,0.2909625990375062,4.1185154683429195,0.4208886241919823
street_greeting,11,Fixed mixture (NR),0.702212389370538,0.3616277515978749,0.6184067112503733,0.6913722449504116,0.6317551837869907
street_greeting,11,Fixed mixture (FR),0.6531024561840904,0.3956102480671452,0.5801671819864245,0.877752699331718,0.6388205742178559
street_greeting,11,TAS NR,0.8199825882911682,0.3311724066734314,0.6438012664766094,0.6241307978777495,0.6640064330877539
street_greeting,11,TAS FR,0.7733923196792603,0.3607234060764313,0.6192054428159508,0.772929993650587,0.6565639311890901
street_greeting,15,FreeLook prior,0.8442049026489258,0.3890165090560913,0.5896815918353802,2.4460227003928043,0.8011598239558527
street_greeting,15,Artifact only (NR),-0.008864456787705421,0.5324720740318298,0.39999727961934256,3.1851260768366227,0.42372808568435194
street_greeting,15,Artifact only (FR),0.0005123196169734001,0.5801541209220886,0.34079605893068043,3.9089935337322093,0.42780546422638577
street_greeting,15,Fixed mixture (NR),0.734289302226263,0.3618720069704043,0.6356275655101281,0.787165737344916,0.6972971070974755
street_greeting,15,Fixed mixture (FR),0.7007675882201018,0.3875848659237668,0.606283718822225,1.0294915074128976,0.6974933997172974
street_greeting,15,TAS NR,0.8269205689430237,0.342399924993515,0.6545036488121183,0.7783526050386719,0.7432860394032363
street_greeting,15,TAS FR,0.7940531373023987,0.36196959018707275,0.6424090950842144,0.9749025138894791,0.7253614701040186
street_greeting,21,FreeLook prior,0.867500901222229,0.3053852319717407,0.6953295613362023,1.1936360801433286,0.8385764600282185
street_greeting,21,Artifact only (NR),0.05016819015145302,0.4887310266494751,0.4480462956313292,2.1201748234661832,0.47180757922731215
street_greeting,21,Artifact only (FR),0.05160914734005928,0.5279024243354797,0.4043044051531157,2.9711941914649405,0.47265275239686666
street_greeting,21,Fixed mixture (NR),0.7593223090106065,0.3097829712276336,0.6680351308150664,0.43543818416020114,0.7359767238728351
street_greeting,21,Fixed mixture (FR),0.7262046199351899,0.3287005565270332,0.6481722174511323,0.5342828556606146,0.7298256003927087
street_greeting,21,TAS NR,0.8572283387184143,0.2757006287574768,0.7242808652003453,0.3740963092664353,0.8076696716660727
street_greeting,21,TAS FR,0.8252074718475342,0.29629001021385193,0.7012174267558623,0.460475606205482,0.7771232796255797
street_greeting,48,FreeLook prior,0.8704890608787537,0.3388746976852417,0.6369237034715353,1.8946774330852496,0.8533623566563343
street_greeting,48,Artifact only (NR),0.037611737847328186,0.4136665463447571,0.5420543771654107,1.495591597511906,0.5357681358781584
street_greeting,48,Artifact only (FR),0.03719877451658249,0.4379667043685913,0.5119172122426915,1.8872978024001776,0.5317224030825144
street_greeting,48,Fixed mixture (NR),0.7911757354206557,0.2566368825269165,0.724269142948254,0.30536973589884997,0.7908430618663091
street_greeting,48,Fixed mixture (FR),0.7757855428388559,0.27105493959167615,0.7095800667769161,0.3561138863277391,0.7848506144573618
street_greeting,48,TAS NR,0.8608168959617615,0.2589051425457001,0.7131877076284472,0.341501106513761,0.8459700817033909
street_greeting,48,TAS FR,0.8417336344718933,0.25979137420654297,0.7184924413412669,0.34852331450361307,0.8249742922901594
swan_ice,10,FreeLook prior,0.9243766665458679,0.242681086063385,0.7651836708343028,0.488057177499359,0.9699072273802991
swan_ice,10,Artifact only (NR),0.13560324907302856,0.6270408034324646,0.2711454194720706,3.436082155980335,0.6172768573286009
swan_ice,10,Artifact only (FR),0.12041089683771133,0.6709858179092407,0.21649214134596567,3.9809103252892757,0.6352527109252337
swan_ice,10,Fixed mixture (NR),0.6775592508143032,0.390638200329182,0.5937860338390678,0.6360683408319182,0.8847702259752661
swan_ice,10,Fixed mixture (FR),0.631223933353726,0.41088289216678836,0.5664574668187911,0.7128155985944887,0.8880984860304504
swan_ice,10,TAS NR,0.8801165223121643,0.29789769649505615,0.7170939835074913,0.40926209446485246,0.9326394111269067
swan_ice,10,TAS FR,0.7981395721435547,0.3466384708881378,0.6590950449017432,0.5333741936649662,0.908938296828988
swan_ice,13,FreeLook prior,0.8296205997467041,0.27369293570518494,0.7187125290210076,0.4348667717086628,0.9139444633778467
swan_ice,13,Artifact only (NR),0.13806310296058655,0.6044520139694214,0.2940613887223452,3.299984015427114,0.5773732159456232
swan_ice,13,Artifact only (FR),0.12573692202568054,0.6533035635948181,0.2313003291410608,4.098507662375767,0.5734797559124187
swan_ice,13,Fixed mixture (NR),0.5560764475839239,0.3893653409335206,0.5782464345353141,0.6277045853127626,0.8278264323306479
swan_ice,13,Fixed mixture (FR),0.5144859983519467,0.40834095769105244,0.5515672922091077,0.7092616645969968,0.8303532764655962
swan_ice,13,TAS NR,0.7715993523597717,0.3117389976978302,0.6833927649104624,0.415207851961864,0.8770206899656519
swan_ice,13,TAS FR,0.6967899799346924,0.34467387199401855,0.6414034438590894,0.5135736038621204,0.8589553309823899
swan_ice,20,FreeLook prior,0.8838968276977539,0.26422032713890076,0.7062629450106577,0.6109419885949675,0.9281334716059512
swan_ice,20,Artifact only (NR),0.1134752556681633,0.5878809690475464,0.31803587945711215,2.4562847346194667,0.573413248319439
swan_ice,20,Artifact only (FR),0.1018887460231781,0.6284783482551575,0.2693486361734347,3.1526049520844195,0.5754770111699102
swan_ice,20,Fixed mixture (NR),0.677502903092814,0.3693634714726598,0.6136010582426512,0.5823865270997182,0.8431063956273026
swan_ice,20,Fixed mixture (FR),0.644866934118733,0.3877600386548548,0.5904729056579813,0.6630923202955789,0.8403204167839686
swan_ice,20,TAS NR,0.8485965132713318,0.29257732629776,0.6872637094659969,0.4033160961285058,0.8960416214765449
swan_ice,20,TAS FR,0.7875615358352661,0.33214128017425537,0.6512344903442181,0.5131898924261552,0.8722023793915888
swan_ice,44,FreeLook prior,0.8292091488838196,0.3441506624221802,0.6157563433558785,1.7034460109142031,0.936977831346723
swan_ice,44,Artifact only (NR),0.10386502742767334,0.5408552289009094,0.36956834134767697,1.62283660761447,0.5324807421517521
swan_ice,44,Artifact only (FR),0.09245345741510391,0.5676649808883667,0.337353113992597,1.942710287471224,0.527698951799171
swan_ice,44,Fixed mixture (NR),0.650765754656611,0.37080914366286916,0.610711050275477,0.6660209802155426,0.8365754515403403
swan_ice,44,Fixed mixture (FR),0.6302671476827189,0.38509969665134947,0.5957202001725819,0.7597822169541572,0.8328461016854793
swan_ice,44,TAS NR,0.7976418733596802,0.3299655020236969,0.6384618798927033,0.6054553813785322,0.8972307300993088
swan_ice,44,TAS FR,0.750144362449646,0.35173365473747253,0.6237456122188019,0.6884728045747639,0.8730888585374713
tiger_leaves,23,FreeLook prior,0.858339786529541,0.3121781349182129,0.6609826845021318,1.4430404382232012,0.8332600520064586
tiger_leaves,23,Artifact only (NR),0.33401840925216675,0.4246993064880371,0.5195152682465218,1.159997067468809,0.6326269761922076
tiger_leaves,23,Artifact only (FR),0.33122605085372925,0.4581327736377716,0.48587586888673534,1.5090840288621057,0.6381600686435485
tiger_leaves,23,Fixed mixture (NR),0.8107886632429839,0.2849090134625056,0.704528716002682,0.47865495719539514,0.7660994331806796
tiger_leaves,23,Fixed mixture (FR),0.7984105748069718,0.30278529464410736,0.6869208819877857,0.5795798764028238,0.7642582988653862
tiger_leaves,23,TAS NR,0.8611413240432739,0.26680678129196167,0.7125095775786722,0.46743547278755126,0.8082433668530264
tiger_leaves,23,TAS FR,0.8482586145401001,0.2805689871311188,0.7045454003545583,0.5423777285251418,0.7905843629967054
tiger_leaves,36,FreeLook prior,0.7914899587631226,0.29736438393592834,0.6644944592320517,0.6499084777302745,0.8230798560112209
tiger_leaves,36,Artifact only (NR),0.33071446418762207,0.4111317992210388,0.53743268889774,0.9539979038301117,0.6311748166274889
tiger_leaves,36,Artifact only (FR),0.3269999325275421,0.4403548836708069,0.5067880595120731,1.219293494406479,0.636131402470123
tiger_leaves,36,Fixed mixture (NR),0.7349362581054223,0.2849439344959763,0.6969860633423703,0.3786664177251748,0.7470184984508144
tiger_leaves,36,Fixed mixture (FR),0.7218225809731271,0.29849344454455107,0.6813534279513616,0.43085934673695936,0.7451655688001539
tiger_leaves,36,TAS NR,0.7922700643539429,0.2659231126308441,0.7078283955920379,0.3401003661388591,0.7885334048442532
tiger_leaves,36,TAS FR,0.7756155133247375,0.27731627225875854,0.7005506313753607,0.37933852690574027,0.7695258347149846
tiger_leaves,78,FreeLook prior,0.9113023281097412,0.23742836713790894,0.7634280502180814,0.5067928114884026,0.8835049918589781
tiger_leaves,78,Artifact only (NR),0.37543559074401855,0.40562498569488525,0.5407572938900247,0.8347003291545215,0.6817478628365906
tiger_leaves,78,Artifact only (FR),0.3751261532306671,0.4263402223587036,0.5179607067435761,0.991576287057996,0.6852995117287455
tiger_leaves,78,Fixed mixture (NR),0.8444980006890453,0.24904899534787917,0.7484170068162778,0.2598597717476873,0.83764251520352
tiger_leaves,78,Fixed mixture (FR),0.8330802337301915,0.25842465632092415,0.739014974655766,0.28831001675769463,0.8337526716168472
tiger_leaves,78,TAS NR,0.9129485487937927,0.2114371806383133,0.79740997021882,0.2028669301521084,0.886715119615496
tiger_leaves,78,TAS FR,0.8954418301582336,0.22676429152488708,0.7851243667861866,0.23221051645749308,0.8698981385918643
tiger_leaves,86,FreeLook prior,0.9145092964172363,0.24496257305145264,0.7440858359779549,0.676506723632242,0.8348962211618031
tiger_leaves,86,Artifact only (NR),0.3835453689098358,0.3851577639579773,0.5577226007883906,0.7659594090217551,0.7100852718437828
tiger_leaves,86,Artifact only (FR),0.3828290104866028,0.40584710240364075,0.5351043481139965,0.9074834212118522,0.7132373521174253
tiger_leaves,86,Fixed mixture (NR),0.8593146881296636,0.2360781525324709,0.7590227561041218,0.2607789813075598,0.8284691851662133
tiger_leaves,86,Fixed mixture (FR),0.8500540125600147,0.24594970978886802,0.7493497622396124,0.29141839070537,0.8261383424278792
tiger_leaves,86,TAS NR,0.9167501330375671,0.20867088437080383,0.7869936081853124,0.22656866883589521,0.8546903093139062
tiger_leaves,86,TAS FR,0.903104305267334,0.21957188844680786,0.7805686443121671,0.24835774057785637,0.8481498780307202
tourist_shore,12,FreeLook prior,0.8271617889404297,0.36820077896118164,0.62345328589934,1.7188754939283235,0.8468845266681099
tourist_shore,12,Artifact only (NR),0.3176107406616211,0.5388639569282532,0.38089105966281156,3.342770290236744,0.5900947257917202
tourist_shore,12,Artifact only (FR),0.30643561482429504,0.5843441486358643,0.32224707174123324,3.678869917934096,0.588848920933156
tourist_shore,12,Fixed mixture (NR),0.6932093081815732,0.3936926358960137,0.5854835453977496,1.0580008372191134,0.7794940732131761
tourist_shore,12,Fixed mixture (FR),0.6632527392525454,0.41738776365270486,0.553839384789844,1.1774192531805592,0.7988502816624143
tourist_shore,12,TAS NR,0.8038451075553894,0.36085009574890137,0.6357145184905573,0.9650292606278625,0.8183174253377704
tourist_shore,12,TAS FR,0.7575730681419373,0.3872918486595154,0.6027431348891934,1.0859733713465403,0.814766709487344
tourist_shore,30,FreeLook prior,0.8987079858779907,0.2858963906764984,0.7210434090429138,1.6392876393326417,0.9113220395482087
tourist_shore,30,Artifact only (NR),0.34597259759902954,0.4856775999069214,0.43773616185269654,1.940329433332975,0.7140632037559106
tourist_shore,30,Artifact only (FR),0.3438743054866791,0.5135242938995361,0.40770797349612486,2.3627524167114156,0.7213050158458764
tourist_shore,30,Fixed mixture (NR),0.7491243265974308,0.3317936743022412,0.6476077160050615,0.8874303626579332,0.8730873201492428
tourist_shore,30,Fixed mixture (FR),0.7324863984038467,0.34636463482380137,0.6332912393863172,1.0665299102282972,0.8725387509800009
tourist_shore,30,TAS NR,0.8675065636634827,0.28880250453948975,0.7112741674235304,0.8238251369783919,0.8971150183043652
tourist_shore,30,TAS FR,0.8253244161605835,0.3127472698688507,0.683977712130344,1.0090057432670274,0.8882811324116661
tourist_shore,73,FreeLook prior,0.9052799344062805,0.2602243423461914,0.7459843434368658,1.1834374877617273,0.9376019458828153
tourist_shore,73,Artifact only (NR),0.42195573449134827,0.4192579686641693,0.5174123417375566,0.9972519413839569,0.7504158414603997
tourist_shore,73,Artifact only (FR),0.41908377408981323,0.43723082542419434,0.4977990395626498,1.1617895280297736,0.7536945684683957
tourist_shore,73,Fixed mixture (NR),0.808656672334276,0.26726717796607447,0.7200353362484516,0.36703148705507804,0.9158672709421151
tourist_shore,73,Fixed mixture (FR),0.7963201550771347,0.27806330016880965,0.7103521001489616,0.42462762164035694,0.9158865544837101
tourist_shore,73,TAS NR,0.897886335849762,0.2371470332145691,0.7627275412278304,0.3426243210995907,0.9357489816807968
tourist_shore,73,TAS FR,0.8706889152526855,0.25192737579345703,0.7490774814780493,0.38926434441454877,0.928715931345391
tourist_shore,82,FreeLook prior,0.8888127207756042,0.33902430534362793,0.6378607012588883,2.1426195907024876,0.8686029234737306
tourist_shore,82,Artifact only (NR),0.3927043676376343,0.4174730181694031,0.5207895969000508,0.9286055303134302,0.6694489119768224
tourist_shore,82,Artifact only (FR),0.3893206715583801,0.4377560019493103,0.49718179022170716,1.069106972593056,0.6710898096497487
tourist_shore,82,Fixed mixture (NR),0.8096394627481964,0.29786655877372503,0.6891011818297562,0.4679597000824527,0.8255095107782202
tourist_shore,82,Fixed mixture (FR),0.7996706655962569,0.31130541400604694,0.6743159920331318,0.5289256139505893,0.8253728754523602
tourist_shore,82,TAS NR,0.882301390171051,0.29308685660362244,0.6856789905779517,0.5134455380689507,0.853634839792157
tourist_shore,82,TAS FR,0.8615654110908508,0.29973340034484863,0.6826285454492517,0.5300436103225176,0.8429248560714404
traffic_santa,10,FreeLook prior,0.8278889656066895,0.3046804368495941,0.6850460527499637,1.2623267701116376,0.8710000386824681
traffic_santa,10,Artifact only (NR),0.0392928421497345,0.568821907043457,0.34647753918578617,4.064992462996234,0.6214963206069267
traffic_santa,10,Artifact only (FR),0.019389702007174492,0.6158761978149414,0.2860651223589063,4.044069987989543,0.6329763548518216
traffic_santa,10,Fixed mixture (NR),0.6043613015426249,0.3796015337133363,0.6071912827580587,1.1229728598329682,0.7848100999104715
traffic_santa,10,Fixed mixture (FR),0.5576854663214061,0.39957816623656395,0.5810204354065737,1.1152024612069287,0.782390719867847
traffic_santa,10,TAS NR,0.7832435965538025,0.32108938694000244,0.6796383688079307,0.9710428156895993,0.8390495364106857
traffic_santa,10,TAS FR,0.7116008996963501,0.3541938364505768,0.6438619610602598,0.9963659643701703,0.8166550072677248
traffic_santa,14,FreeLook prior,0.7293273210525513,0.3492482006549835,0.6567179492343433,1.4980814298089373,0.8068724249539645
traffic_santa,14,Artifact only (NR),0.0681363120675087,0.5370194911956787,0.3813360629357429,3.1611116301764386,0.585585762121104
traffic_santa,14,Artifact only (FR),0.0521671324968338,0.5816890001296997,0.32781519327579167,3.7186947513119075,0.5960804946273597
traffic_santa,14,Fixed mixture (NR),0.48592442235483463,0.39213973620367465,0.5821308180959108,1.1335207533880385,0.7388084972511081
traffic_santa,14,Fixed mixture (FR),0.4501615624126236,0.411042838097676,0.5580187129002319,1.2589025940431433,0.7370456386393236
traffic_santa,14,TAS NR,0.6670450568199158,0.3546588718891144,0.6548717044093768,1.0347051923791826,0.7811602442737254
traffic_santa,14,TAS FR,0.5901872515678406,0.3790091872215271,0.6190288734097434,1.166324034778749,0.7657556704475148
traffic_santa,16,FreeLook prior,0.8063544631004333,0.31109336018562317,0.688299262947294,0.8544106679897007,0.8399568262126381
traffic_santa,16,Artifact only (NR),0.048076629638671875,0.5607790350914001,0.3546230573478077,3.131697452147327,0.5987377696448998
traffic_santa,16,Artifact only (FR),0.032770417630672455,0.597874641418457,0.31003869344600404,3.658463902941512,0.6079554665633136
traffic_santa,16,Fixed mixture (NR),0.5483823197872709,0.3898895806808845,0.5745184969269804,0.8356650345432268,0.7567594845717699
traffic_santa,16,Fixed mixture (FR),0.5128868717734458,0.40508819834358134,0.5559765466962532,0.9347980156153131,0.7541295218339551
traffic_santa,16,TAS NR,0.7461090683937073,0.33424708247184753,0.6564065525555486,0.6735294901031184,0.805431481912497
traffic_santa,16,TAS FR,0.6685615181922913,0.36353927850723267,0.6168234823725145,0.8045523499900867,0.7852894367456325
traffic_santa,23,FreeLook prior,0.8108229637145996,0.30790358781814575,0.6850110802624904,0.9849892825920077,0.8526599285136288
traffic_santa,23,Artifact only (NR),0.06854277849197388,0.5362553596496582,0.3826909268290089,2.582543430553655,0.593331744654106
traffic_santa,23,Artifact only (FR),0.05297122895717621,0.5748175978660583,0.3359275449223653,3.2101798262661796,0.5982749412163252
traffic_santa,23,Fixed mixture (NR),0.6072155435086429,0.3572979310790739,0.6222623499243557,0.691056389604743,0.7766938306809901
traffic_santa,23,Fixed mixture (FR),0.5707593540380904,0.3749491116109549,0.6002919606955981,0.8085178060464879,0.7731040711203014
traffic_santa,23,TAS NR,0.7722166180610657,0.30885639786720276,0.690460009740726,0.5760602098633657,0.8323845061542803
traffic_santa,23,TAS FR,0.7095513939857483,0.33577919006347656,0.6606281083798293,0.7030965468776305,0.8101719865518164
two_bears,10,FreeLook prior,0.850082278251648,0.2642599642276764,0.7057989577133348,0.4853690523492771,0.9111568319417644
two_bears,10,Artifact only (NR),0.14285843074321747,0.5328619480133057,0.3901889734491724,2.059879306989979,0.5228894233593636
two_bears,10,Artifact only (FR),0.14546269178390503,0.5989637970924377,0.3151726138668786,3.276544623765185,0.49458191092249726
two_bears,10,Fixed mixture (NR),0.7164062573870652,0.33868124685853807,0.6477768188118491,0.4726253109249673,0.813719000421783
two_bears,10,Fixed mixture (FR),0.6562982953291764,0.3633828939842866,0.6144455492239074,0.5744777445167787,0.8058645881959692
two_bears,10,TAS NR,0.8332167863845825,0.2760057747364044,0.7163972355111222,0.3327492224724799,0.8784748348604279
two_bears,10,TAS FR,0.7780619859695435,0.31270429491996765,0.683476218461174,0.43675284696518446,0.8435992068421926
two_bears,20,FreeLook prior,0.8942843079566956,0.286293625831604,0.6962949210220252,0.8730708215627574,0.8719201164687833
two_bears,20,Artifact only (NR),0.15311534702777863,0.46682432293891907,0.46469578720024524,1.272521670752777,0.5311122543757525
two_bears,20,Artifact only (FR),0.15418368577957153,0.5165351629257202,0.40940177769294817,1.9504341421332838,0.5252313600837555
two_bears,20,Fixed mixture (NR),0.7838910961220857,0.29199268764269487,0.6905375700567254,0.36269021069839436,0.7748968385677444
two_bears,20,Fixed mixture (FR),0.7482954804307501,0.3188807618158257,0.6617239377663023,0.4667005821148342,0.7659043670809413
two_bears,20,TAS NR,0.8794513940811157,0.25581830739974976,0.7331441028616879,0.3048653304772814,0.8331512169718114
two_bears,20,TAS FR,0.84316086769104,0.2834199368953705,0.7062568216605258,0.38856617840795415,0.8038854679488172
two_bears,28,FreeLook prior,0.80781489610672,0.2626277804374695,0.7115709156206816,0.5741924536919387,0.9275363972933534
two_bears,28,Artifact only (NR),0.17079125344753265,0.4581731855869293,0.48595547096949093,1.089646653579051,0.5637767786878248
two_bears,28,Artifact only (FR),0.1734769493341446,0.49790942668914795,0.4387835270393989,1.5082376319692257,0.5629522858952805
two_bears,28,Fixed mixture (NR),0.7060250269069307,0.2916383522586212,0.6864155196949344,0.33578086348698855,0.8522180743762724
two_bears,28,Fixed mixture (FR),0.6732813694196111,0.31053120158651937,0.6653274695358772,0.39660832251929407,0.8454387179029028
two_bears,28,TAS NR,0.801662027835846,0.248906210064888,0.7263961100275252,0.26045363985637826,0.9101241643913149
two_bears,28,TAS FR,0.7683089971542358,0.2739095389842987,0.70362008715021,0.31945653939776003,0.8828634665479633
two_bears,72,FreeLook prior,0.9042806029319763,0.255368173122406,0.7402554941135738,0.8841868916407037,0.9150495948000672
two_bears,72,Artifact only (NR),0.18452419340610504,0.42211586236953735,0.5161701966423509,0.8696654754280883,0.5982521790602072
two_bears,72,Artifact only (FR),0.1841994673013687,0.4521915018558502,0.4759134685993531,1.0485997522885617,0.5982389842945096
two_bears,72,Fixed mixture (NR),0.8152899416375878,0.24802359335384833,0.745594725018235,0.25078900585333164,0.8592746943229467
two_bears,72,Fixed mixture (FR),0.7866929947899285,0.26545203986850335,0.7229522418737765,0.2937692999868376,0.8534749044671411
two_bears,72,TAS NR,0.8988085389137268,0.2142372578382492,0.7831342208022999,0.21530680380332792,0.9010538730323718
two_bears,72,TAS FR,0.8714263439178467,0.2331969439983368,0.7636294773344057,0.24541933258565518,0.879349303330939
walking_bear,12,FreeLook prior,0.8433399200439453,0.2754414677619934,0.7425523982505075,0.8347732045538675,0.94141203297612
walking_bear,12,Artifact only (NR),-0.03599123656749725,0.5504419803619385,0.3533976634722393,2.531237295180209,0.4532372154006695
walking_bear,12,Artifact only (FR),-0.034951288253068924,0.6119953393936157,0.2773586016775354,3.6732239884958156,0.4476537495954877
walking_bear,12,Fixed mixture (NR),0.5545156062668535,0.33381868638646645,0.618128102415008,0.461256633535462,0.8320124262633785
walking_bear,12,Fixed mixture (FR),0.48673880450695234,0.3613313036137418,0.5845444058313769,0.5756575512133333,0.8157294977585332
walking_bear,12,TAS NR,0.7915486693382263,0.26827311515808105,0.720987968828322,0.3163967696968512,0.9172638341989928
walking_bear,12,TAS FR,0.6865119934082031,0.30831024050712585,0.6664706595118011,0.43839644561979946,0.8800925241551185
walking_bear,22,FreeLook prior,0.7416983246803284,0.2733939588069916,0.68772500711865,0.5119683272512582,0.8799585611869369
walking_bear,22,Artifact only (NR),-0.13770677149295807,0.5100476145744324,0.4105817029615101,1.5686625960558092,0.37140977767810784
walking_bear,22,Artifact only (FR),-0.13220630586147308,0.5517503023147583,0.3645613205760279,2.1782768158747468,0.37370305184350566
walking_bear,22,Fixed mixture (NR),0.5217938106062479,0.3123577857301006,0.6716395632050318,0.4157529433319664,0.7297397343294432
walking_bear,22,Fixed mixture (FR),0.48072199892713824,0.32921863915061494,0.6527121147078193,0.4741399373162195,0.7214994505798143
walking_bear,22,TAS NR,0.7065138220787048,0.2609369456768036,0.7133387588257397,0.30547538688236947,0.8370225727440432
walking_bear,22,TAS FR,0.644115149974823,0.28682568669319153,0.6932409844564599,0.3688739854711537,0.7931244878827931
walking_bear,23,FreeLook prior,0.7741937041282654,0.2949872314929962,0.7119093673795842,1.0625838478489698,0.8815175890745758
walking_bear,23,Artifact only (NR),-0.11128465831279755,0.4895670711994171,0.43331091742663697,1.4608222555571289,0.3973942393089694
walking_bear,23,Artifact only (FR),-0.10731896013021469,0.5307884812355042,0.3875960078517216,2.011064861848923,0.39800945753354083
walking_bear,23,Fixed mixture (NR),0.5182789056700763,0.3040317119001059,0.6634874338663176,0.40045340988958344,0.7606547407152887
walking_bear,23,Fixed mixture (FR),0.47342573452448394,0.32258905180885167,0.642144688701377,0.48078342900932947,0.7498029367326318
walking_bear,23,TAS NR,0.7282861471176147,0.26264336705207825,0.7304548524126488,0.32668288376939303,0.8528683020972467
walking_bear,23,TAS FR,0.651524543762207,0.2855588495731354,0.6995378614548166,0.3991629615397032,0.8157908304874215
walking_bear,39,FreeLook prior,0.7788161635398865,0.27215713262557983,0.7072016202129606,0.5942561404616193,0.8396073175561152
walking_bear,39,Artifact only (NR),-0.1145581603050232,0.4613634943962097,0.46402476800759823,1.1212193530050092,0.35100676539320663
walking_bear,39,Artifact only (FR),-0.11185373365879059,0.48602095246315,0.4353161185759166,1.3446802303606473,0.34894203103221955
walking_bear,39,Fixed mixture (NR),0.5477924707874013,0.29379745625654774,0.6795375254716671,0.3654867483699855,0.696394563043558
walking_bear,39,Fixed mixture (FR),0.5146007404763191,0.305308231509279,0.6655407892081667,0.40071089017372513,0.6888913362660705
walking_bear,39,TAS NR,0.7355203032493591,0.2531503736972809,0.7285097404121686,0.29066956778791786,0.7950554444969619
walking_bear,39,TAS FR,0.6725254654884338,0.27167177200317383,0.7104551026568307,0.3288423332869832,0.7564003299503179
wet_bear,10,FreeLook prior,0.8321740031242371,0.367261677980423,0.621946652031862,2.657555754095717,0.7323264975181585
wet_bear,10,Artifact only (NR),0.12284436821937561,0.5819270014762878,0.32969605721422135,4.778674472177835,0.615714289176163
wet_bear,10,Artifact only (FR),0.10698235780000687,0.6240472197532654,0.2777979402113477,4.92602949247823,0.6049218253825189
wet_bear,10,Fixed mixture (NR),0.7244543124448077,0.3891870868604971,0.6105230630627688,1.7925134283074233,0.7391359584629721
wet_bear,10,Fixed mixture (FR),0.6947776912210522,0.40670083412915153,0.5930229941147158,1.8573138135982048,0.7322786528043769
wet_bear,10,TAS NR,0.8261792659759521,0.35052868723869324,0.6525882319572338,1.732664928240875,0.7469531703432281
wet_bear,10,TAS FR,0.7953943610191345,0.3723312318325043,0.63567962854376,1.8152505700985166,0.7393753991509774
wet_bear,43,FreeLook prior,0.8593178391456604,0.34583452343940735,0.628591376204744,2.226859308862641,0.8653733162426053
wet_bear,43,Artifact only (NR),0.2672785520553589,0.4758249819278717,0.4502769216485853,2.6390717198858473,0.7352822005256561
wet_bear,43,Artifact only (FR),0.25313687324523926,0.5073637366294861,0.41431064227390685,3.20255439005121,0.7368151472927637
wet_bear,43,Fixed mixture (NR),0.7936467801775271,0.3173650122202712,0.6890381042339275,1.225670063268583,0.8649733218893312
wet_bear,43,Fixed mixture (FR),0.7776952546911088,0.3330670793220385,0.6724615990635,1.46522669646275,0.8602413537184493
wet_bear,43,TAS NR,0.869596004486084,0.3044024407863617,0.6991834585839661,1.2433728311690748,0.8832455228780848
wet_bear,43,TAS FR,0.8522161841392517,0.3140178918838501,0.6947604212552475,1.4514564007690582,0.8763417333587311
wet_bear,47,FreeLook prior,0.8478437662124634,0.3901742398738861,0.566858807213486,2.9696713254626554,0.8690475411213181
wet_bear,47,Artifact only (NR),0.30444929003715515,0.46849966049194336,0.4674621602243027,2.5022908436415907,0.7770653897096872
wet_bear,47,Artifact only (FR),0.2886952757835388,0.49937164783477783,0.429930110211042,3.0196159653901535,0.780980768461313
wet_bear,47,Fixed mixture (NR),0.7865575620564611,0.3388144637433142,0.6593238510860318,1.241106906306303,0.8736974617586594
wet_bear,47,Fixed mixture (FR),0.7712180032724585,0.35581947912048884,0.641742958881067,1.4951454041944812,0.872563673695221
wet_bear,47,TAS NR,0.853631854057312,0.3364427089691162,0.6452855278207599,1.2975070170806768,0.8853826650636978
wet_bear,47,TAS FR,0.8363234996795654,0.3439062535762787,0.6477512255642746,1.5018544234939277,0.8827165049589225
wet_bear,72,FreeLook prior,0.9199906587600708,0.28469040989875793,0.7189556114099079,1.5319518132302217,0.9193530649768056
wet_bear,72,Artifact only (NR),0.25166237354278564,0.4844147861003876,0.44273265041663934,2.005782586404531,0.7206475856014485
wet_bear,72,Artifact only (FR),0.23790284991264343,0.511407732963562,0.41155253467276515,2.4205790357033545,0.7284694080574511
wet_bear,72,Fixed mixture (NR),0.8051231317148538,0.30579366571850597,0.6998652716204945,0.6337057047830098,0.8811585584073925
wet_bear,72,Fixed mixture (FR),0.7878522889494147,0.3205555346769694,0.6847257037708019,0.7679567643494127,0.8784937768103566
wet_bear,72,TAS NR,0.9112794399261475,0.26752474904060364,0.7507980817904284,0.6059258417997652,0.915081836959934
wet_bear,72,TAS FR,0.8811449408531189,0.2878994941711426,0.7331508379758125,0.7220819811643182,0.9021139318742162
white_hat,12,FreeLook prior,0.9051052927970886,0.3377607762813568,0.6719738133620559,1.0502008950090975,0.7715975686848378
white_hat,12,Artifact only (NR),0.05514439567923546,0.6280744075775146,0.26333593723121757,3.738526565847247,0.6100400831315725
white_hat,12,Artifact only (FR),0.034588515758514404,0.6803949475288391,0.19518176868603798,4.302708135348729,0.5978708941813765
white_hat,12,Fixed mixture (NR),0.6509861218378967,0.43241257640103015,0.5130329796506832,1.046052297466827,0.6983707236762992
white_hat,12,Fixed mixture (FR),0.5865212173537219,0.45549363645538743,0.4867931734499874,1.119222081599164,0.6944958398741443
white_hat,12,TAS NR,0.8617990612983704,0.3662148118019104,0.6138957775196711,0.8452896387595052,0.7328169445866675
white_hat,12,TAS FR,0.7714098691940308,0.4052245318889618,0.561342476785895,0.954542761749142,0.7152633927379667
white_hat,19,FreeLook prior,0.9452881813049316,0.26335224509239197,0.7663909268075354,1.0001891419092555,0.9013121479609052
white_hat,19,Artifact only (NR),0.08489711582660675,0.5820441246032715,0.32764141653669593,2.873643765671284,0.6222497645986474
white_hat,19,Artifact only (FR),0.06907712668180466,0.6251307725906372,0.2744292831221669,3.543626286587298,0.6187507296879785
white_hat,19,Fixed mixture (NR),0.7491401596100242,0.3590879726106482,0.6249838314747911,0.7935713373444317,0.8193613869600314
white_hat,19,Fixed mixture (FR),0.7060701463335878,0.3795524781740468,0.6009973518529477,0.8628552065420717,0.8145948046374527
white_hat,19,TAS NR,0.9173950552940369,0.28368836641311646,0.7503508149225034,0.6340380171480762,0.8677277433937947
white_hat,19,TAS FR,0.8575361967086792,0.32420483231544495,0.6913521024884242,0.7320834562788974,0.8447287076507499
white_hat,27,FreeLook prior,0.8657330870628357,0.3242112696170807,0.6798617626884862,1.0848869201790103,0.7993707151325863
white_hat,27,Artifact only (NR),0.12056475877761841,0.562721848487854,0.34879830301425596,2.710800704116901,0.6509827803988406
white_hat,27,Artifact only (FR),0.10754171758890152,0.5941174030303955,0.3114700068308936,3.2563494830232402,0.6516951264637925
white_hat,27,Fixed mixture (NR),0.6607742475300367,0.3882723503122949,0.5627526416340224,0.9048949526779417,0.7624989190253613
white_hat,27,Fixed mixture (FR),0.6271641876730025,0.4017261896650217,0.5488295536694617,1.0207140271437145,0.7570480236531785
white_hat,27,TAS NR,0.8343697786331177,0.3375062346458435,0.6407941506062008,0.7780523726576638,0.7875144697545011
white_hat,27,TAS FR,0.7723998427391052,0.3630157709121704,0.6056168107109882,0.9147716796109664,0.7737806693987508
white_hat,79,FreeLook prior,0.9250257611274719,0.23914526402950287,0.767316365168159,0.6886470226135368,0.9075841280715246
white_hat,79,Artifact only (NR),0.13485169410705566,0.5032421946525574,0.4096346503059268,1.4023257839058347,0.6533962223378098
white_hat,79,Artifact only (FR),0.12384641170501709,0.5273674726486206,0.3792059231048462,1.6171857688737912,0.6572038814767185
white_hat,79,Fixed mixture (NR),0.7566536411292593,0.30120168191056823,0.6760654715530899,0.38971427467106573,0.8492012635677274
white_hat,79,Fixed mixture (FR),0.7293058277949575,0.31463813392829526,0.6618279025158602,0.4379621561801361,0.8448679397687836
white_hat,79,TAS NR,0.9037001132965088,0.23870620131492615,0.7689631307494041,0.2895470958681216,0.8942033348683672
white_hat,79,TAS FR,0.8568230867385864,0.2682720124721527,0.7304621725794368,0.35004574600414406,0.875042400439814
young_cowboy,11,FreeLook prior,0.8143947124481201,0.3363533318042755,0.6669325467746443,1.7194895422857066,0.90328911048358
young_cowboy,11,Artifact only (NR),-0.08018753677606583,0.5150320529937744,0.40331358357898833,1.7470681286684062,0.41147719974998453
young_cowboy,11,Artifact only (FR),-0.0887242928147316,0.5674123764038086,0.34745124729529164,2.6305855268525087,0.4135024516093961
young_cowboy,11,Fixed mixture (NR),0.6850818742588257,0.3273472204490983,0.647392546013098,0.4534187158306774,0.7854316996200824
young_cowboy,11,Fixed mixture (FR),0.6321111038942392,0.35428359727092706,0.6185832972914693,0.5882327416219204,0.763774847791003
young_cowboy,11,TAS NR,0.7938414812088013,0.2889893054962158,0.7112250546406159,0.3834121710500612,0.8653329454312886
young_cowboy,11,TAS FR,0.7480134963989258,0.3172685503959656,0.6817808262750005,0.49694156828070657,0.8239518016985394
young_cowboy,18,FreeLook prior,0.8694733381271362,0.24791419506072998,0.7528956217007878,0.7703118408373847,0.9586917886402836
young_cowboy,18,Artifact only (NR),-0.05194597691297531,0.5203806161880493,0.40366780094194227,1.6046043898009545,0.46311364434504293
young_cowboy,18,Artifact only (FR),-0.057347703725099564,0.5448959469795227,0.3762549160553223,2.0572076237343153,0.46113584506771854
young_cowboy,18,Fixed mixture (NR),0.7767534690908258,0.3122206617777673,0.6691352405839991,0.3832665359993949,0.8942352721262955
young_cowboy,18,Fixed mixture (FR),0.7493065004679084,0.3230005538938679,0.6557369870687345,0.42433823415766014,0.8782739712307615
young_cowboy,18,TAS NR,0.8584544062614441,0.24173903465270996,0.7527076112461896,0.2517849558274107,0.9495745902915593
young_cowboy,18,TAS FR,0.832782506942749,0.27252697944641113,0.7217761987031502,0.3184480204159789,0.9298241554725085
young_cowboy,19,FreeLook prior,0.8376878499984741,0.2913769781589508,0.7199169351592527,1.2025973075906906,0.9136648883684445
young_cowboy,19,Artifact only (NR),-0.1086777001619339,0.518125057220459,0.40279619527070143,1.6384256143546772,0.41923561598427805
young_cowboy,19,Artifact only (FR),-0.11644436419010162,0.5467899441719055,0.37058135817793336,2.140467970404093,0.4128827297276313
young_cowboy,19,Fixed mixture (NR),0.7047426023812489,0.3264865963985991,0.6414838150075226,0.41739045034280453,0.8260098317623391
young_cowboy,19,Fixed mixture (FR),0.6689269329687456,0.3401463165660093,0.6261911684371323,0.47027373655706667,0.8087332250003253
young_cowboy,19,TAS NR,0.815313458442688,0.271452397108078,0.7161748446292728,0.31597694251026576,0.883569804558222
young_cowboy,19,TAS FR,0.7761721014976501,0.2976953685283661,0.6826232522375384,0.3763387817788544,0.8585471033663152
young_cowboy,68,FreeLook prior,0.8647632002830505,0.31838980317115784,0.7054725798857097,1.6692806611347646,0.9448010886995886
young_cowboy,68,Artifact only (NR),-0.0848851129412651,0.5049943923950195,0.41167323899316655,1.4775675897658052,0.43335894603167685
young_cowboy,68,Artifact only (FR),-0.08764051645994186,0.5202228426933289,0.3936427856460504,1.6743707314340928,0.42758123336891113
young_cowboy,68,Fixed mixture (NR),0.7822822723160695,0.3072725356176835,0.6511933871938425,0.37968910105342607,0.8774075278494202
young_cowboy,68,Fixed mixture (FR),0.7643783387480501,0.31484272527372004,0.6424225156978723,0.4100274404274245,0.8670375828160889
young_cowboy,68,TAS NR,0.8550955653190613,0.26208922266960144,0.7235660983827252,0.29809984159409336,0.933155790257144
young_cowboy,68,TAS FR,0.8348668217658997,0.2779747545719147,0.6967297828197847,0.3335876855046303,0.9128762096000964
