setting,content,level,cc,jsd,sim,auc_top20,kl,activated,final_beta,prior_cc
Prior only,arab_mountain,18,0.8997364044189453,0.30575239658355713,0.6639595968596393,0.8000369359379929,0.7743665777728747,0,0.0,1.0
Prior only,arab_mountain,38,0.9255133867263794,0.2869028151035309,0.6982978096590811,0.79741201264742,1.282324297405138,0,0.0,1.0
Prior only,arab_mountain,47,0.8750140070915222,0.25289663672447205,0.7380044641984529,0.8554646083726981,0.48203745435474254,0,0.0,1.0
Prior only,arab_mountain,64,0.899788498878479,0.28035083413124084,0.7169112481514859,0.8447713204618336,0.9517952019966878,0,0.0,1.0
Prior only,bear_fish,19,0.8356185555458069,0.3576905131340027,0.6207053936567407,0.759917106367487,2.6745982940904316,0,0.0,1.0
Prior only,bear_fish,25,0.8902343511581421,0.30297374725341797,0.6637600268319058,0.8967302444347502,1.1368823420180014,0,0.0,1.0
Prior only,bear_fish,32,0.9234185218811035,0.3245520293712616,0.6613609206831376,0.9100028056524874,1.9849982228136547,0,0.0,1.0
Prior only,bear_fish,64,0.8222284317016602,0.33695748448371887,0.6368371188335279,0.7795477848753477,1.4590955353744892,0,0.0,1.0
Prior only,bird_bushes,18,0.8931725025177002,0.3076459467411041,0.6777796328677228,0.9230727912906257,1.3898518829618691,0,0.0,1.0
Prior only,bird_bushes,21,0.9242659211158752,0.23895512521266937,0.7751592783884873,0.8657936124249992,0.7567552013332046,0,0.0,1.0
Prior only,bird_bushes,42,0.9024977684020996,0.25889289379119873,0.7262844369264412,0.9235876025814544,0.8085312955435757,0,0.0,1.0
Prior only,bird_bushes,64,0.8435463905334473,0.28953731060028076,0.6951690180018227,0.8715189975822044,0.9581878954350072,0,0.0,1.0
Prior only,cat_fence,10,0.8368898630142212,0.33164340257644653,0.6630964239360009,0.8356551835948132,1.3108371377569918,0,0.0,1.0
Prior only,cat_fence,11,0.8846868276596069,0.2793469727039337,0.7071880157966173,0.9225482337821808,1.017846367719603,0,0.0,1.0
Prior only,cat_fence,72,0.8878374099731445,0.33400559425354004,0.6524418296478621,0.9080680723019008,1.9608929963713662,0,0.0,1.0
Prior only,cat_fence,87,0.9331774711608887,0.3024255335330963,0.7077929050019822,0.9402038909549549,1.9940011653122143,0,0.0,1.0
Prior only,climber_mountains,10,0.8004505038261414,0.2796843945980072,0.7167407837302682,0.8588378713672492,0.7750129035162323,0,0.0,1.0
Prior only,climber_mountains,11,0.8102643489837646,0.26866692304611206,0.7283865203892181,0.8343742311155681,0.35289753795389134,0,0.0,1.0
Prior only,climber_mountains,26,0.812018632888794,0.2683059871196747,0.739376498035385,0.8758508835462204,0.6002581864713673,0,0.0,1.0
Prior only,climber_mountains,34,0.8445175290107727,0.27727290987968445,0.7067989577813948,0.940029627035387,0.9473292782107653,0,0.0,1.0
Prior only,climber_sunglasses,11,0.7446271181106567,0.3060486912727356,0.6663961429621966,0.8659450886092228,0.7441057749412718,0,0.0,1.0
Prior only,climber_sunglasses,21,0.8896588087081909,0.24749985337257385,0.7616234602444217,0.934280142918684,0.635263419039805,0,0.0,1.0
Prior only,climber_sunglasses,35,0.7985270619392395,0.32380449771881104,0.6728778638117655,0.8195201376377611,1.0562831466071514,0,0.0,1.0
Prior only,climber_sunglasses,47,0.8709121346473694,0.32163533568382263,0.6523486032853738,0.8837794302260411,1.4343178648737696,0,0.0,1.0
Prior only,cycler_hill,11,0.8605366945266724,0.22208772599697113,0.7701285020484953,0.9176164516920228,0.3879217503867662,0,0.0,1.0
Prior only,cycler_hill,24,0.7567169666290283,0.30262383818626404,0.6966212345689048,0.8808835350545278,0.9894175484620642,0,0.0,1.0
Prior only,cycler_hill,60,0.8469944000244141,0.31965747475624084,0.669442889951139,0.900901408616994,1.7977298432943265,0,0.0,1.0
Prior only,cycler_hill,71,0.8450445532798767,0.28271719813346863,0.7174978803130344,0.8926914198012157,0.9072765289513429,0,0.0,1.0
Prior only,cycler_ice,14,0.6650253534317017,0.311227411031723,0.6804960466635678,0.8012990898159137,1.159913212443873,0,0.0,1.0
Prior only,cycler_ice,15,0.7702361941337585,0.2893969416618347,0.7126938414250649,0.8584822400917217,1.1720191326283702,0,0.0,1.0
Prior only,cycler_ice,30,0.5349365472793579,0.3510098159313202,0.6203048604386796,0.7256930333167971,1.5790474378934594,0,0.0,1.0
Prior only,cycler_ice,40,0.6702343225479126,0.27183443307876587,0.7169334270156562,0.8069249666226922,0.6503230438294388,0,0.0,1.0
Prior only,dog,29,0.7244515419006348,0.3042653203010559,0.6719844495713414,0.8055261328824459,0.9158771925904937,0,0.0,1.0
Prior only,dog,33,0.8744821548461914,0.3064500093460083,0.6777874973860939,0.8609409272158856,1.3413675312156146,0,0.0,1.0
Prior only,dog,67,0.8080776929855347,0.33160561323165894,0.6693980208116471,0.8899611063732141,1.693166742134155,0,0.0,1.0
Prior only,dog,90,0.8802180886268616,0.25460085272789,0.7365389181573632,0.9065417318749035,0.5597002262997205,0,0.0,1.0
Prior only,dog_walker,22,0.8854690790176392,0.246576726436615,0.7467379479933205,0.8899938206773267,0.6337311364050533,0,0.0,1.0
Prior only,dog_walker,27,0.7760882377624512,0.30523616075515747,0.6709357193004889,0.871084443111422,0.9902335042735485,0,0.0,1.0
Prior only,dog_walker,77,0.7512174248695374,0.3241068422794342,0.676582919960124,0.8638480962955658,1.697410501928154,0,0.0,1.0
Prior only,dog_walker,87,0.9074551463127136,0.23875020444393158,0.7701802093906656,0.9378566349289195,0.7573040201211106,0,0.0,1.0
Prior only,fence_guard,11,0.8806577920913696,0.25509077310562134,0.7542630281069862,0.896522875424815,0.7570431621472261,0,0.0,1.0
Prior only,fence_guard,15,0.8505240678787231,0.33677759766578674,0.6551485279782157,0.8698850351184805,1.7699181871290273,0,0.0,1.0
Prior only,fence_guard,24,0.8268088698387146,0.2761504650115967,0.7209543839313669,0.8036321818118715,0.36449414419036075,0,0.0,1.0
Prior only,fence_guard,50,0.8626028299331665,0.31579798460006714,0.662953291814608,0.8853529865811486,1.3990038512050385,0,0.0,1.0
Prior only,girl_boat,13,0.8853074312210083,0.3221404254436493,0.6792024051693811,0.8864566883607231,0.6859214752768383,0,0.0,1.0
Prior only,girl_boat,31,0.9320937991142273,0.26177486777305603,0.7515399355144722,0.8877105816960986,0.8386346772132331,0,0.0,1.0
Prior only,girl_boat,66,0.9376615285873413,0.2741018831729889,0.7486072473789512,0.9312363526855159,1.3181630591903297,0,0.0,1.0
Prior only,girl_boat,86,0.8962327241897583,0.28191477060317993,0.7218802891472286,0.8543587135813565,0.7521060016466422,0,0.0,1.0
Prior only,girl_car,12,0.7510400414466858,0.29728829860687256,0.712558589086467,0.8224586226534328,1.0986055762820681,0,0.0,1.0
Prior only,girl_car,22,0.7699167132377625,0.2869930565357208,0.6957105665239027,0.8710779538763862,0.8804509881146716,0,0.0,1.0
Prior only,girl_car,27,0.6999537944793701,0.32365089654922485,0.6714342959503106,0.8174478595642726,1.055044676489195,0,0.0,1.0
Prior only,girl_car,63,0.7818486094474792,0.23530960083007812,0.7647469116692279,0.8288431011650174,0.33510849906737067,0,0.0,1.0
Prior only,goalkeeper_boy,10,0.8977181911468506,0.3173600137233734,0.6808410939214434,0.8949453028100975,1.4258211106008205,0,0.0,1.0
Prior only,goalkeeper_boy,16,0.8655053377151489,0.34041884541511536,0.6549330835161299,0.8452362120350931,2.167364850886905,0,0.0,1.0
Prior only,goalkeeper_boy,20,0.8955798149108887,0.30089595913887024,0.6958957469993547,0.8492475078978331,1.2680570672814968,0,0.0,1.0
Prior only,goalkeeper_boy,62,0.8602272272109985,0.3013841211795807,0.6973289170533523,0.9285303976354096,1.6276446420365247,0,0.0,1.0
Prior only,head_statue,14,0.7678564786911011,0.3074662685394287,0.6667748302136293,0.8320704292761755,0.7258656580399231,0,0.0,1.0
Prior only,head_statue,22,0.8170726299285889,0.32553738355636597,0.6729329591823356,0.831249276703641,1.985696370170745,0,0.0,1.0
Prior only,head_statue,32,0.8292590975761414,0.3797740936279297,0.5943900117221884,0.8075326432569756,3.3840825761392517,0,0.0,1.0
Prior only,head_statue,85,0.7712321281433105,0.3552349805831909,0.6358563464571029,0.8428724209648599,2.647202535283633,0,0.0,1.0
Prior only,hunter_boy,10,0.8837843537330627,0.30479875206947327,0.7043476816676291,0.8161214733084344,1.0198905345422058,0,0.0,1.0
Prior only,hunter_boy,16,0.8386759757995605,0.33464479446411133,0.6346826561882511,0.8407510117664975,1.3053127817910226,0,0.0,1.0
Prior only,hunter_boy,21,0.9092869758605957,0.3262527585029602,0.6742557291524965,0.8657211324279557,1.4873871334109754,0,0.0,1.0
Prior only,hunter_boy,44,0.8933904767036438,0.3051947355270386,0.6992800253667292,0.8098584308555443,0.6004452825493168,0,0.0,1.0
Prior only,kid_bucket,10,0.9117879271507263,0.29245927929878235,0.7109652874633241,0.8376361187107945,0.9726239396471321,0,0.0,1.0
Prior only,kid_bucket,22,0.9254493713378906,0.300855815410614,0.7066524377796692,0.8532827133573145,1.220782774352015,0,0.0,1.0
Prior only,kid_bucket,30,0.9222055673599243,0.322785347700119,0.6758237878257539,0.7583833790744535,1.5544679368827354,0,0.0,1.0
Prior only,kid_bucket,32,0.9387555122375488,0.2599724233150482,0.7337173384887559,0.8991799359116779,0.7655067815329137,0,0.0,1.0
Prior only,kid_rubble,14,0.8249485492706299,0.2951618432998657,0.6935151709700635,0.8012285290558466,0.6581315172245072,0,0.0,1.0
Prior only,kid_rubble,19,0.8032510280609131,0.34127599000930786,0.6517425905783065,0.7303848965954541,2.208421460958403,0,0.0,1.0
Prior only,kid_rubble,63,0.8441054821014404,0.3289668560028076,0.6619451221235397,0.8656727942582306,2.017836242985798,0,0.0,1.0
Prior only,kid_rubble,71,0.8552109003067017,0.26095378398895264,0.7284246060637859,0.880993168977011,0.7730838390655834,0,0.0,1.0
Prior only,laughing_bear,10,0.809339165687561,0.29452529549598694,0.6931604747900088,0.9256451346599058,1.0767536557397897,0,0.0,1.0
Prior only,laughing_bear,11,0.9002120494842529,0.2848498225212097,0.7131816044912226,0.8876695816498499,1.1707195885312287,0,0.0,1.0
Prior only,laughing_bear,16,0.7580671310424805,0.3307301104068756,0.6493317149633474,0.8680772462172605,1.2590020640378052,0,0.0,1.0
Prior only,laughing_bear,24,0.8931121826171875,0.2952600121498108,0.7137993672403808,0.9221958317853707,1.6909706252358792,0,0.0,1.0
Prior only,man_desert,10,0.9406357407569885,0.2571674883365631,0.7648355491791836,0.8464479249507056,0.5161295784784853,0,0.0,1.0
Prior only,man_desert,11,0.8693678379058838,0.3205811381340027,0.6945535214941957,0.8436420473515054,1.0341856280170332,0,0.0,1.0
Prior only,man_desert,16,0.9100878238677979,0.34519654512405396,0.6428161052424839,0.7777087594439719,1.5172799065760014,0,0.0,1.0
Prior only,man_desert,19,0.8656741380691528,0.3159482181072235,0.6654982845094948,0.8365160016106366,0.9434449585517319,0,0.0,1.0
Prior only,man_door,10,0.9067953824996948,0.2734929621219635,0.741044176351005,0.8105590774251934,0.7978533487644835,0,0.0,1.0
Prior only,man_door,12,0.7160845994949341,0.3470853865146637,0.6009617995004319,0.85360331256553,1.2244683707235653,0,0.0,1.0
Prior only,man_door,16,0.9200440645217896,0.27472856640815735,0.758777144116032,0.8810033159333236,0.965910163826424,0,0.0,1.0
Prior only,man_door,22,0.887324333190918,0.2564446032047272,0.7397615903182971,0.9284990858924654,0.8378167770261622,0,0.0,1.0
Prior only,man_weaving,10,0.8088114261627197,0.2853291630744934,0.7033786484680331,0.7921467976828942,0.4802863377085578,0,0.0,1.0
Prior only,man_weaving,26,0.8060111999511719,0.27292174100875854,0.6974315179046361,0.820913988068491,0.47675783631927726,0,0.0,1.0
Prior only,man_weaving,80,0.8419370651245117,0.25396856665611267,0.7450730685059697,0.8966643818524427,0.6024328108199005,0,0.0,1.0
Prior only,man_weaving,87,0.8123627305030823,0.27152785658836365,0.7248849072125735,0.9000948597272849,0.7958539944399886,0,0.0,1.0
Prior only,monk,11,0.9560893774032593,0.23731112480163574,0.7767080585943846,0.9246272503263414,0.756178455219885,0,0.0,1.0
Prior only,monk,18,0.8915630578994751,0.29638662934303284,0.7241514095000661,0.909473837080964,1.398850651309615,0,0.0,1.0
Prior only,monk,20,0.8872960805892944,0.26094508171081543,0.7607581133853044,0.8731855658945985,0.4694829164347446,0,0.0,1.0
Prior only,monk,61,0.8232851028442383,0.3039270341396332,0.6870307032590997,0.7822507876467996,0.49447931643990384,0,0.0,1.0
Prior only,mountain_chateau,11,0.9208391904830933,0.2579096555709839,0.7408650750224625,0.9600846553817789,1.0162626346536696,0,0.0,1.0
Prior only,mountain_chateau,42,0.8710888624191284,0.2775334119796753,0.6992697611156489,0.9526195709297458,1.0098859358007655,0,0.0,1.0
Prior only,mountain_chateau,43,0.8490514159202576,0.2907233238220215,0.6878853217773738,0.8896614461531474,0.7348265447672628,0,0.0,1.0
Prior only,mountain_chateau,68,0.8622008562088013,0.2727654278278351,0.7030972021298036,0.9349406148270405,0.7326184913733479,0,0.0,1.0
Prior only,satellite,11,0.8357389569282532,0.2918533384799957,0.6888633112962859,0.8666661604470552,0.6452255379296632,0,0.0,1.0
Prior only,satellite,13,0.7745976448059082,0.2718190848827362,0.7026985721975126,0.903783321132179,0.4668271885260589,0,0.0,1.0
Prior only,satellite,17,0.8663356304168701,0.2874237298965454,0.6884856218967463,0.9135392227829432,0.8136163902972114,0,0.0,1.0
Prior only,satellite,82,0.7673138976097107,0.2655155658721924,0.7195418168663772,0.8386305349229269,0.7758777798479013,0,0.0,1.0
Prior only,seal_ice,11,0.8858650326728821,0.2904224991798401,0.7181416569896149,0.8891011388429493,0.9690302713219792,0,0.0,1.0
Prior only,seal_ice,24,0.8400422930717468,0.30189692974090576,0.6844452359866467,0.8535641814314353,0.8996649383583342,0,0.0,1.0
Prior only,seal_ice,60,0.9393470287322998,0.27471548318862915,0.7133400426649698,0.9116128697740791,1.2420241668324343,0,0.0,1.0
Prior only,seal_ice,85,0.9074683785438538,0.2961379885673523,0.7093744515808539,0.8316019026894509,1.5523397946667814,0,0.0,1.0
Prior only,seals_cliff,11,0.7162795066833496,0.34982430934906006,0.6249453197178072,0.7338304795133578,1.4566757437307671,0,0.0,1.0
Prior only,seals_cliff,17,0.8254213929176331,0.33405035734176636,0.6706025542254673,0.7180191255499859,1.9946398708122979,0,0.0,1.0
Prior only,seals_cliff,24,0.7304222583770752,0.3207266926765442,0.6284906642409076,0.8874486971003117,0.9636407613518359,0,0.0,1.0
Prior only,seals_cliff,54,0.8111854791641235,0.3208148181438446,0.6491755879824253,0.8053070814225435,1.6555094823764356,0,0.0,1.0
Prior only,short_man,17,0.8251901865005493,0.34963420033454895,0.656994215790681,0.8741825541504746,2.7234888524118896,0,0.0,1.0
Prior only,short_man,49,0.7755045890808105,0.30200231075286865,0.6992577179984307,0.909086290362984,1.529355315193919,0,0.0,1.0
Prior only,short_man,80,0.8897379636764526,0.26704466342926025,0.7328908299869972,0.9537329826543337,1.2723538885577073,0,0.0,1.0
Prior only,short_man,84,0.9078192710876465,0.3046315312385559,0.7087069628101537,0.9527732203931829,1.9159826754390747,0,0.0,1.0
Prior only,snow_fox,12,0.8663100004196167,0.33856093883514404,0.6630764317929285,0.8137057617669915,2.115066315231836,0,0.0,1.0
Prior only,snow_fox,13,0.928335428237915,0.3120640814304352,0.7199077680390822,0.8109196229492773,1.8181570641667675,0,0.0,1.0
Prior only,snow_fox,19,0.9034929871559143,0.34614232182502747,0.6347985253090077,0.8993612406049428,2.1560373882609,0,0.0,1.0
Prior only,snow_fox,22,0.9076246619224548,0.2728976011276245,0.7349572404745862,0.8551828206393364,0.7541713474338515,0,0.0,1.0
Prior only,standing_bear,11,0.8946254849433899,0.23172594606876373,0.7523006626416766,0.9677370347182276,0.567141507760312,0,0.0,1.0
Prior only,standing_bear,12,0.7884882688522339,0.27143487334251404,0.6871593672513695,0.9259228262935828,0.4631072323231782,0,0.0,1.0
Prior only,standing_bear,18,0.8288842439651489,0.3151206374168396,0.6705858828431975,0.8454058556394912,1.2063005641796036,0,0.0,1.0
Prior only,standing_bear,77,0.8920340538024902,0.28151243925094604,0.7136623030141523,0.8366058491163383,1.3217387483262348,0,0.0,1.0
Prior only,street_greeting,11,0.8427270650863647,0.35641324520111084,0.6069149891515292,0.695728075918057,1.39416716503455,0,0.0,1.0
Prior only,street_greeting,15,0.8442070484161377,0.3890165090560913,0.5896815918353802,0.8010475961835941,2.4460227003928043,0,0.0,1.0
Prior only,street_greeting,21,0.867495596408844,0.3053852319717407,0.6953295613362023,0.8396406613795188,1.1936360801433286,0,0.0,1.0
Prior only,street_greeting,48,0.8704903721809387,0.3388746976852417,0.6369237034715353,0.8536877638108491,1.8946774330852496,0,0.0,1.0
Prior only,swan_ice,10,0.9243741631507874,0.242681086063385,0.7651836708343028,0.9700062908254381,0.488057177499359,0,0.0,1.0
Prior only,swan_ice,13,0.8296086192131042,0.27369293570518494,0.7187125290210076,0.9138966305099521,0.4348667717086628,0,0.0,1.0
Prior only,swan_ice,20,0.8839019536972046,0.26422032713890076,0.7062629450106577,0.9282468740013106,0.6109419885949675,0,0.0,1.0
Prior only,swan_ice,44,0.829217791557312,0.3441506624221802,0.6157563433558785,0.9369691891422023,1.7034460109142031,0,0.0,1.0
Prior only,tiger_leaves,23,0.8583398461341858,0.3121781349182129,0.6609826845021318,0.8330415602627068,1.4430404382232012,0,0.0,1.0
Prior only,tiger_leaves,36,0.7914897799491882,0.29736438393592834,0.6644944592320517,0.8228497753292875,0.6499084777302745,0,0.0,1.0
Prior only,tiger_leaves,78,0.9112992286682129,0.23742836713790894,0.7634280502180814,0.8835869415886999,0.5067928114884026,0,0.0,1.0
Prior only,tiger_leaves,86,0.9145070910453796,0.24496257305145264,0.7440858359779549,0.8344998722262469,0.676506723632242,0,0.0,1.0
Prior only,tourist_shore,12,0.8271747827529907,0.36820077896118164,0.62345328589934,0.8458266192367019,1.7188754939283235,0,0.0,1.0
Prior only,tourist_shore,30,0.8987064361572266,0.2858963906764984,0.7210434090429138,0.9113443478123807,1.6392876393326417,0,0.0,1.0
Prior only,tourist_shore,73,0.9052874445915222,0.2602243423461914,0.7459843434368658,0.9377305631914538,1.1834374877617273,0,0.0,1.0
Prior only,tourist_shore,82,0.8888102769851685,0.33902430534362793,0.6378607012588883,0.8700535775395063,2.1426195907024876,0,0.0,1.0
Prior only,traffic_santa,10,0.8278889060020447,0.3046804368495941,0.6850460527499637,0.8707548376694154,1.2623267701116376,0,0.0,1.0
Prior only,traffic_santa,14,0.7293267250061035,0.3492482006549835,0.6567179492343433,0.8071885202592999,1.4980814298089373,0,0.0,1.0
Prior only,traffic_santa,16,0.8063520193099976,0.31109336018562317,0.688299262947294,0.8402582966426619,0.8544106679897007,0,0.0,1.0
Prior only,traffic_santa,23,0.8108222484588623,0.30790358781814575,0.6850110802624904,0.8530029376158341,0.9849892825920077,0,0.0,1.0
Prior only,two_bears,10,0.8500831723213196,0.2642599642276764,0.7057989577133348,0.9110388932321567,0.4853690523492771,0,0.0,1.0
Prior only,two_bears,20,0.8942824006080627,0.286293625831604,0.6962949210220252,0.8714755361206267,0.8730708215627574,0,0.0,1.0
Prior only,two_bears,28,0.807815432548523,0.2626277804374695,0.7115709156206816,0.9275258904886716,0.5741924536919387,0,0.0,1.0
Prior only,two_bears,72,0.9042844772338867,0.255368173122406,0.7402554941135738,0.9147967317494154,0.8841868916407037,0,0.0,1.0
Prior only,walking_bear,12,0.8433412313461304,0.2754414677619934,0.7425523982505075,0.9414359273359804,0.8347732045538675,0,0.0,1.0
Prior only,walking_bear,22,0.7416973114013672,0.2733939588069916,0.68772500711865,0.8800442930184486,0.5119683272512582,0,0.0,1.0
Prior only,walking_bear,23,0.7741926312446594,0.2949872314929962,0.7119093673795842,0.8815052628452196,1.0625838478489698,0,0.0,1.0
Prior only,walking_bear,39,0.7788174152374268,0.27215713262557983,0.7072016202129606,0.8396322642448021,0.5942561404616193,0,0.0,1.0
Prior only,wet_bear,10,0.8321800231933594,0.367261677980423,0.621946652031862,0.7317748243924395,2.657555754095717,0,0.0,1.0
Prior only,wet_bear,43,0.8593146204948425,0.34583452343940735,0.628591376204744,0.8653185341641543,2.226859308862641,0,0.0,1.0
Prior only,wet_bear,47,0.8478474617004395,0.3901742398738861,0.566858807213486,0.8698765440872827,2.9696713254626554,0,0.0,1.0
Prior only,wet_bear,72,0.9199917316436768,0.28469040989875793,0.7189556114099079,0.9192523460523627,1.5319518132302217,0,0.0,1.0
Prior only,white_hat,12,0.9050973653793335,0.3377607762813568,0.6719738133620559,0.7723700084578236,1.0502008950090975,0,0.0,1.0
Prior only,white_hat,19,0.9452842473983765,0.26335224509239197,0.7663909268075354,0.9008331806891001,1.0001891419092555,0,0.0,1.0
Prior only,white_hat,27,0.865728497505188,0.3242112696170807,0.6798617626884862,0.8000539993487574,1.0848869201790103,0,0.0,1.0
Prior only,white_hat,79,0.925021767616272,0.23914526402950287,0.767316365168159,0.9073166399922878,0.6886470226135368,0,0.0,1.0
Prior only,young_cowboy,11,0.8143957853317261,0.3363533318042755,0.6669325467746443,0.9031606497606817,1.7194895422857066,0,0.0,1.0
Prior only,young_cowboy,18,0.8694655299186707,0.24791419506072998,0.7528956217007878,0.958670510781038,0.7703118408373847,0,0.0,1.0
Prior only,young_cowboy,19,0.8376970887184143,0.2913769781589508,0.7199169351592527,0.9138449065653592,1.2025973075906906,0,0.0,1.0
Prior only,young_cowboy,68,0.864759087562561,0.31838980317115784,0.7054725798857097,0.9447796280723947,1.6692806611347646,0,0.0,1.0
Blockiness only,arab_mountain,18,0.888082227205713,0.27736067089408833,0.7150814057738916,0.7743581116843546,0.37503281266018146,0,0.3,0.990075423719368
Blockiness only,arab_mountain,38,0.916899880728557,0.24640977873975065,0.7487282163059256,0.7854970282766343,0.35585143596831426,0,0.3,0.9918741675421988
Blockiness only,arab_mountain,47,0.8564957913805611,0.23597929740066376,0.7652643472523414,0.8339710887639243,0.2582895736665929,0,0.3,0.9820256000131575
Blockiness only,arab_mountain,64,0.885387970419878,0.24869673167437825,0.7444434963312847,0.8214382525208916,0.3199738957887452,0,0.3,0.9857719272415951
Blockiness only,bear_fish,19,0.8292641872323531,0.3062272090102836,0.678656865352221,0.7429489995620217,0.8449637334422665,0,0.3,0.9850880856791008
Blockiness only,bear_fish,25,0.8802699538155656,0.2607877975318174,0.7193895701526802,0.8584317630934588,0.4074421989158771,0,0.3,0.9837354019744878
Blockiness only,bear_fish,32,0.9199016579359222,0.2621248475903368,0.7306110948858331,0.8962930846127324,0.4968720822147982,0,0.3,0.9866542238632675
Blockiness only,bear_fish,64,0.8212782720611281,0.29373928127881194,0.6890193577897262,0.7821826038216453,0.5230270235099442,0,0.3,0.9822895465680547
Blockiness only,bird_bushes,18,0.8764306039047759,0.2643458410900992,0.7272668669557094,0.9032677606038497,0.4026973793028473,0,0.3,0.9841836940013254
Blockiness only,bird_bushes,21,0.8970014636101139,0.24540627054114664,0.7579572200827188,0.8380036438246639,0.3075910983033872,0,0.3,0.978760283214096
Blockiness only,bird_bushes,42,0.8861658627903625,0.23643509860789258,0.7517873331468315,0.8968226231243766,0.2878416873773685,0,0.3,0.9839148898362496
Blockiness only,bird_bushes,64,0.8207571532077107,0.2731021611799967,0.7163520058386174,0.8511223259964096,0.3871865532549216,0,0.3,0.9784736240615773
Blockiness only,cat_fence,10,0.8268762804998143,0.31912534398210174,0.6799889160745862,0.8223595450087984,0.6229831831997824,0,0.3,0.9816507478564637
Blockiness only,cat_fence,11,0.8718047036186702,0.26211386566118755,0.7309885915063914,0.9016466819951536,0.46239347050546653,0,0.3,0.9807868770458898
Blockiness only,cat_fence,72,0.8727394931633825,0.27335243315943275,0.7197755553547938,0.8807328043489677,0.4700149736819007,0,0.3,0.98165770929448
Blockiness only,cat_fence,87,0.9153186348451944,0.2404231536918731,0.7680001551679695,0.9260474896205662,0.403940917470529,0,0.3,0.9795479093640581
Blockiness only,climber_mountains,10,0.7464008423549444,0.289278244224206,0.6995074716736918,0.8279394152726844,0.5655267656074986,0,0.3,0.9509997194896042
Blockiness only,climber_mountains,11,0.7542408450453778,0.28710257633760666,0.7015686724965512,0.8097875040467536,0.3620123531634984,0,0.3,0.9417760098524293
Blockiness only,climber_mountains,26,0.7593160510369711,0.27642518510067765,0.7162223188061039,0.8459895192422632,0.41240596255690115,0,0.3,0.9503126630389986
Blockiness only,climber_mountains,34,0.8089077755254588,0.2591486855159731,0.7272494655148104,0.9091601851311925,0.4395524033183573,0,0.3,0.9695997830589009
Blockiness only,climber_sunglasses,11,0.7251613410009662,0.290122621773818,0.673640331296834,0.8357983153514669,0.38335629315281317,0,0.3,0.9768995084762064
Blockiness only,climber_sunglasses,21,0.8670742191059204,0.22269016772054678,0.7580724131722201,0.917238856895628,0.2339908189995656,0,0.3,0.9757206018810934
Blockiness only,climber_sunglasses,35,0.7709555517818993,0.2937804020757108,0.6869461387167531,0.7839447814423619,0.41455893570638574,0,0.3,0.9772943111519976
Blockiness only,climber_sunglasses,47,0.8646933006139481,0.2660362995446973,0.7144995460401791,0.8787534145186581,0.3904817011435148,0,0.3,0.9894628815394688
Blockiness only,cycler_hill,11,0.8276515815581085,0.23629919208096462,0.759640640522318,0.9001661937061864,0.25193137257755577,0,0.3,0.9631518662741986
Blockiness only,cycler_hill,24,0.7266235161840857,0.2729585490125958,0.7208996239362899,0.8646861976424901,0.3732402951792248,0,0.3,0.9587831035552055
Blockiness only,cycler_hill,60,0.8131057404187959,0.27060414690007095,0.7186122079404133,0.8818478594171035,0.4722616798088604,0,0.3,0.9737784532457769
Blockiness only,cycler_hill,71,0.8138445300843523,0.2475649769423736,0.748969375211447,0.8738554357628588,0.33074090990580945,0,0.3,0.9640271767882174
Blockiness only,cycler_ice,14,0.5989853211391798,0.3021293437581568,0.6789006134364689,0.7835178921400174,0.6432489946453062,0,0.3,0.9236744559839775
Blockiness only,cycler_ice,15,0.7138449375569065,0.2687146675521229,0.7273911041442781,0.8335443516028149,0.5747009568590252,0,0.3,0.9346315493879965
Blockiness only,cycler_ice,30,0.4978796477437934,0.31967378792234796,0.6462578558975832,0.7132132212113615,0.6587945314219016,0,0.3,0.9376533951963496
Blockiness only,cycler_ice,40,0.6059553150007378,0.2545436900549423,0.7273839977166145,0.7970251777596503,0.3461935664644048,0,0.3,0.9084286406090263
Blockiness only,dog,29,0.6944234267180897,0.27106367372024637,0.7067656020229431,0.790821200282818,0.36790663414249014,0,0.3,0.9650347128513787
Blockiness only,dog,33,0.8487201829779991,0.25715053016975853,0.7316633153467075,0.8310923930694795,0.39157553273455725,0,0.3,0.9791398282039103
Blockiness only,dog,67,0.7904288157433312,0.260599041347315,0.7308995551303706,0.873785252349428,0.39317053261226814,0,0.3,0.9747329010201017
Blockiness only,dog,90,0.8477673364035696,0.22596548531177077,0.7712655198670725,0.8772072935129039,0.2663894427980294,0,0.3,0.9672882952767334
Blockiness only,dog_walker,22,0.8688047494695161,0.24490857398620355,0.7580190930726056,0.8694498369102872,0.2824626419486008,0,0.3,0.9786571398379278
Blockiness only,dog_walker,27,0.7613556619101665,0.27798175869178937,0.7009119124689535,0.8524744012529221,0.40126015181371893,0,0.3,0.9793906109682297
Blockiness only,dog_walker,77,0.7396136330631903,0.26888568005242325,0.7252172701766629,0.8674435436776757,0.4474786848800649,0,0.3,0.972968771561526
Blockiness only,dog_walker,87,0.8916115338108168,0.22915013905297218,0.7791254766002998,0.9250842565920564,0.261591586992292,0,0.3,0.9780151467484122
Blockiness only,fence_guard,11,0.8466051233949322,0.24202486400454085,0.752793853876349,0.8707617519530145,0.28532512281604033,0,0.3,0.9677635721590246
Blockiness only,fence_guard,15,0.8222706723189264,0.2872181442104153,0.6985091189627383,0.8406079277023054,0.5687816090735796,0,0.3,0.9738673913886376
Blockiness only,fence_guard,24,0.7862861162396432,0.27531499817469834,0.7122993251220516,0.7799383927156895,0.3184399198818899,0,0.3,0.9594011880680522
Blockiness only,fence_guard,50,0.8365203453479073,0.2681781837334392,0.7166814716186907,0.8528676859674906,0.4230533410783545,0,0.3,0.974940388406306
Blockiness only,girl_boat,13,0.8674872778762526,0.3347373833506248,0.6379280912015626,0.8738553824879355,0.4784729360042554,0,0.3,0.9754140079703383
Blockiness only,girl_boat,31,0.9207231769811617,0.26390762865213163,0.7400142635399761,0.8718947729619547,0.4040105042964942,0,0.3,0.9840035373795263
Blockiness only,girl_boat,66,0.9162005482666878,0.24625933703836597,0.7594741875637481,0.9139748708945443,0.4141089892020979,0,0.3,0.9790003057322982
Blockiness only,girl_boat,86,0.8735495813278765,0.25816509016915956,0.728452683349223,0.8377133238155032,0.36132237676023743,0,0.3,0.9720743133432814
Blockiness only,girl_car,12,0.6875079808537988,0.3112320205818603,0.6884374205722753,0.7961836470782082,0.9882563931335435,0,0.3,0.9423483384668264
Blockiness only,girl_car,22,0.7455582257339056,0.2776468150990197,0.7092544662105135,0.8476496456525032,0.506002274193527,0,0.3,0.9571373492661851
Blockiness only,girl_car,27,0.6615070530707491,0.31561839589515506,0.6795011957543031,0.7890179498151558,0.7302069335558505,0,0.3,0.9476468408982499
Blockiness only,girl_car,63,0.72865424747532,0.2370765092583465,0.7557057062408818,0.8225443448327662,0.27275988595296324,0,0.3,0.917955753520314
Blockiness only,goalkeeper_boy,10,0.8867332437010407,0.2861870686228758,0.7127607444656217,0.8730100235172299,0.6943003015421992,0,0.3,0.982604389979116
Blockiness only,goalkeeper_boy,16,0.8477295883735843,0.3091912728068494,0.6900772824174103,0.8288124280531305,1.0320433447217594,0,0.3,0.9803093002783001
Blockiness only,goalkeeper_boy,20,0.874603322199294,0.2802131212392804,0.7131353735765934,0.8470628950617194,0.5875666389398897,0,0.3,0.978337057026083
Blockiness only,goalkeeper_boy,62,0.8424917979801952,0.26454277350775585,0.71911120485022,0.9115899587714348,0.499884400916496,0,0.3,0.974262225098601
Blockiness only,head_statue,14,0.7129240655126701,0.3205477394038065,0.6572503163224774,0.7933633091213176,0.6329983179438877,0,0.3,0.9535573349392862
Blockiness only,head_statue,22,0.7718823713636697,0.31673839944670434,0.6880124727589595,0.8111219041580522,1.0914922150452506,0,0.3,0.9626789518335465
Blockiness only,head_statue,32,0.8073122502573541,0.3361667971629585,0.6399222819515348,0.7768643855863732,1.4610360128658755,0,0.3,0.9804958882874512
Blockiness only,head_statue,85,0.7525474283403464,0.30778566772672805,0.6819092134990934,0.8265053095515467,0.8413236660193693,0,0.3,0.9614163592367607
Blockiness only,hunter_boy,10,0.8722970983930157,0.2998590038822618,0.714126058106073,0.7928553846164524,0.4651875376413303,0,0.3,0.9844648176822797
Blockiness only,hunter_boy,16,0.8348769991881798,0.3141807886652901,0.6601364084909986,0.7858628726153953,0.5129139602498051,0,0.3,0.9921907055707385
Blockiness only,hunter_boy,21,0.8982851728021887,0.3120714286467825,0.6942312338600466,0.8138627678926116,0.5345378553721958,0,0.3,0.9912421422428256
Blockiness only,hunter_boy,44,0.8822887180122164,0.2993411143242266,0.6887266959244438,0.7716972649402927,0.38371838479462383,0,0.3,0.9817810212056894
Blockiness only,kid_bucket,10,0.8951308772504589,0.2875447691883469,0.7162762735862616,0.8087705632129569,0.5947924572698916,0,0.3,0.9821893688542784
Blockiness only,kid_bucket,22,0.913185103230962,0.2792515646999814,0.7411708067030413,0.8178239262113695,0.4371849803288522,0,0.3,0.9855848999902163
Blockiness only,kid_bucket,30,0.9077854349080737,0.27741469573252325,0.7299489960357478,0.7522867833777693,0.5008815895774371,0,0.3,0.9843518149954925
Blockiness only,kid_bucket,32,0.9272016368364973,0.23744013074100853,0.7647250055742715,0.866520273233389,0.29597316909978855,0,0.3,0.9845855348063938
Blockiness only,kid_rubble,14,0.7852698149479339,0.285783143701782,0.6818371572851903,0.7780070343277242,0.3959423914998027,0,0.3,0.9612446796035298
Blockiness only,kid_rubble,19,0.7757897540478667,0.2970125339975177,0.688545402932677,0.731595745725055,0.6566173473322467,0,0.3,0.971213891939149
Blockiness only,kid_rubble,63,0.8307712507129249,0.2789261596930711,0.7141751635686074,0.8506636375401562,0.5182085252132478,0,0.3,0.9738306308433343
Blockiness only,kid_rubble,71,0.8343934907559817,0.23850808613140592,0.7486751105946047,0.8755748834031096,0.29173128559730965,0,0.3,0.9592940819539006
Blockiness only,laughing_bear,10,0.8020922693104438,0.2741749907437976,0.7046050883584543,0.8934070077819002,0.3760428482543215,0,0.3,0.9909353573949907
Blockiness only,laughing_bear,11,0.88691362517292,0.24655100356270593,0.7458989786380059,0.863146925583145,0.3332868651613562,0,0.3,0.9878656221170611
Blockiness only,laughing_bear,16,0.7445827991092355,0.2922725307773935,0.6836736145846335,0.8439616060849462,0.4407069720699505,0,0.3,0.9846837323540236
Blockiness only,laughing_bear,24,0.8792451499943205,0.23644195291473322,0.7613448373403748,0.9107556216442625,0.36023820444329907,0,0.3,0.9866245372247158
Blockiness only,man_desert,10,0.9187424463770083,0.2731402275385159,0.7439503793558407,0.8044127126172902,0.40532280207683646,0,0.3,0.978542610128549
Blockiness only,man_desert,11,0.8535588863394178,0.31500170357087925,0.6904094588314742,0.8095183655481846,0.5724323845103279,0,0.3,0.9780284601685586
Blockiness only,man_desert,16,0.8962017821438792,0.31744718371610897,0.688538643386864,0.735642044150961,0.6393716773839135,0,0.3,0.9851634667535425
Blockiness only,man_desert,19,0.8449868260215315,0.3239391261327966,0.6731131437866315,0.7837179716197646,0.5402670094528861,0,0.3,0.9853143411649364
Blockiness only,man_door,10,0.8789462552303904,0.277024031780075,0.7276686059930401,0.7964477714742181,0.4862239838252149,0,0.3,0.9708388951860745
Blockiness only,man_door,12,0.6981768073525985,0.35158817002047593,0.6028327314466629,0.8114426279129938,0.6877230062955598,0,0.3,0.9834154387327114
Blockiness only,man_door,16,0.898029343439531,0.27864426120291846,0.7326785924433143,0.8509325338419743,0.38779628597165505,0,0.3,0.9744795523501992
Blockiness only,man_door,22,0.8641080090520207,0.24961892924595108,0.7363823432682299,0.8902253781157928,0.30228728847098174,0,0.3,0.9809832637401229
Blockiness only,man_weaving,10,0.7797278067192689,0.2783582583291489,0.6925771518013731,0.7738224738104849,0.3540572482985944,0,0.3,0.9628654936202412
Blockiness only,man_weaving,26,0.7747684651138403,0.2540805500483257,0.7260257917430409,0.7988573991389474,0.3228984952000822,0,0.3,0.9687186544346287
Blockiness only,man_weaving,80,0.8051282851406685,0.22605862621282433,0.7740042522469636,0.8808598373396115,0.25200287842443,0,0.3,0.9505522056124942
Blockiness only,man_weaving,87,0.7792320717388715,0.23739043553364422,0.7460689869119415,0.8779830758514868,0.2907814475673713,0,0.3,0.9581687772685975
Blockiness only,monk,11,0.9340098788158882,0.2489425484905585,0.7724277499075841,0.895869668406585,0.49188626457900225,0,0.3,0.9762720046395649
Blockiness only,monk,18,0.8693755686564656,0.2917644728957209,0.7236050403090449,0.8841617798355824,0.6806486057295084,0,0.3,0.9699651626237942
Blockiness only,monk,20,0.8531625263426391,0.2769378499424552,0.7283995775916955,0.8633358272593119,0.38164954841642684,0,0.3,0.961604549046298
Blockiness only,monk,61,0.7802809987622812,0.3138802517594927,0.6711950118297946,0.7479112008426967,0.46526428263364267,0,0.3,0.9492747286269491
Blockiness only,mountain_chateau,11,0.90967551824268,0.2458457555184904,0.7663718098845862,0.9499496441282296,0.42641664942263074,0,0.3,0.978693718026339
Blockiness only,mountain_chateau,42,0.8694341477856543,0.246602990670069,0.7363278372482597,0.9458845863982623,0.3391477415148372,0,0.3,0.9818449027321878
Blockiness only,mountain_chateau,43,0.8457298374145087,0.27088052793171286,0.722214284176943,0.8812652259070574,0.4006165016054019,0,0.3,0.9780376270837404
Blockiness only,mountain_chateau,68,0.8571386914915976,0.24717557056490685,0.7436200162560171,0.9253457519607621,0.34198922677677646,0,0.3,0.9784110170349678
Blockiness only,satellite,11,0.8193025263199128,0.2808341183341414,0.7141101474822527,0.8387405911484332,0.388267671944636,0,0.3,0.9773240638778092
Blockiness only,satellite,13,0.7696538911154781,0.2495542920849711,0.7276478375447702,0.8868108811757208,0.2771843035184719,0,0.3,0.9701786335276584
Blockiness only,satellite,17,0.8475838110902756,0.2530666154335018,0.7341701217634781,0.8933538578967456,0.3375454180453877,0,0.3,0.9744949282679477
Blockiness only,satellite,82,0.7489730636643287,0.23376498459639863,0.7507002975903954,0.8252345945563277,0.2911606115352912,0,0.3,0.9519609864555681
Blockiness only,seal_ice,11,0.8674663930702827,0.29211178860423165,0.7155284143170104,0.862643810988406,0.4981817181868646,0,0.3,0.982003494607559
Blockiness only,seal_ice,24,0.8248630614990364,0.28346630146816754,0.7078638228858863,0.8247061893955703,0.38818448573514064,0,0.3,0.9777774910976768
Blockiness only,seal_ice,60,0.9247029663683659,0.23478357984871462,0.7602580718486059,0.8828808406874215,0.32478630515814044,0,0.3,0.9834545124033927
Blockiness only,seal_ice,85,0.8822190734611363,0.2621125025705535,0.7511587351748455,0.8108971353397989,0.4648655897413782,0,0.3,0.9787729584894314
Blockiness only,seals_cliff,11,0.6747798564203136,0.3458329892387155,0.6364238764295195,0.6995666159637138,1.024630953682064,0,0.3,0.9633489326950081
Blockiness only,seals_cliff,17,0.7880645765157439,0.3273585415917196,0.6861180798924975,0.7011861149000724,1.311973000909879,0,0.3,0.9643748248248898
Blockiness only,seals_cliff,24,0.7060482335249396,0.30782309386848644,0.651786091897491,0.8454665139480698,0.5509161903131177,0,0.3,0.9771048093831095
Blockiness only,seals_cliff,54,0.7835729977026583,0.303137208385253,0.6723623064545738,0.7828607511834366,0.6313777584785791,0,0.3,0.9733352186977122
Blockiness only,short_man,17,0.7941486318646918,0.28515902185987474,0.7091848903071089,0.8675889821931245,0.5877408751445661,0,0.3,0.9722391063415309
Blockiness only,short_man,49,0.7373086131870069,0.26064541104432504,0.7265265647203187,0.8997819632892102,0.37811606508908074,0,0.3,0.9572875395960061
Blockiness only,short_man,80,0.8602073234527756,0.2324689889990047,0.7631477729417155,0.9377382953622841,0.3534639941714674,0,0.3,0.9678549959115343
Blockiness only,short_man,84,0.8715717648575722,0.251333151719934,0.7600280916777408,0.9342701154436398,0.4580427391964125,0,0.3,0.9667499603725518
Blockiness only,snow_fox,12,0.8429821424374967,0.3354769977036554,0.6696281389676558,0.8047197326705213,1.4809554341031452,0,0.3,0.973866031723224
Blockiness only,snow_fox,13,0.9039450178027367,0.3314475656640913,0.7143746221732821,0.7954895588619076,1.5474714777797507,0,0.3,0.9764967993396279
Blockiness only,snow_fox,19,0.8920058214027391,0.31670886043267904,0.6881262377337222,0.8709537642626775,1.2454296828048939,0,0.3,0.9797290363665451
Blockiness only,snow_fox,22,0.8777046710983295,0.2880069368125112,0.7391817816376489,0.8327532499363867,0.6119011006265225,0,0.3,0.9690694423679732
Blockiness only,standing_bear,11,0.8762740432098567,0.2630648133756991,0.7326164509290956,0.9403770872951263,0.3385501417312821,0,0.3,0.984214598530603
Blockiness only,standing_bear,12,0.7663778503980316,0.293801197164051,0.6746874263808058,0.8763834982545149,0.37518219894189037,0,0.3,0.982542313420032
Blockiness only,standing_bear,18,0.7969965923181419,0.3026616119520963,0.6863349339504183,0.7988387138094495,0.5118080015864447,0,0.3,0.9792791344618375
Blockiness only,standing_bear,77,0.8605346808730786,0.24861878838038182,0.7548963245077557,0.7945511999421957,0.4032996943159875,0,0.3,0.9649824718272005
Blockiness only,street_greeting,11,0.822894414299981,0.32327982715603926,0.6518114045532563,0.6692588546619715,0.6354423721719072,0,0.3,0.9852565345212383
Blockiness only,street_greeting,15,0.8277420996716023,0.33914257554106314,0.6557434065474799,0.7558263499706384,0.8445028748464115,0,0.3,0.9869631383089853
Blockiness only,street_greeting,21,0.8518843374112097,0.276452976300329,0.72212838617873,0.8130517299624964,0.41250300620396974,0,0.3,0.9796371450223003
Blockiness only,street_greeting,48,0.8552654424714432,0.2665291513286718,0.7076199208517249,0.8357311076624679,0.44654308939451054,0,0.3,0.9854411504549653
Blockiness only,swan_ice,10,0.9035864530124492,0.277613549186865,0.7405222179299028,0.9452975954567594,0.3958113330682219,0,0.3,0.978064415462386
Blockiness only,swan_ice,13,0.7947855872051715,0.2977419446176198,0.7027066250889815,0.8875245827931149,0.38269916343304833,0,0.3,0.9628622037956105
Blockiness only,swan_ice,20,0.8647633162864921,0.27196564565181264,0.7161082757876429,0.904300441575776,0.37953938125952646,0,0.3,0.9797362664814632
Blockiness only,swan_ice,44,0.8093448846033644,0.3072184475386556,0.6633231175376837,0.9083869494893552,0.6140624088188165,0,0.3,0.9774001262554878
Blockiness only,tiger_leaves,23,0.8491493836433314,0.2689094228822563,0.7071772191515671,0.8040005479753501,0.5185485252360403,0,0.3,0.979400536536821
Blockiness only,tiger_leaves,36,0.7796066934371997,0.26969449839844967,0.70333670140606,0.7922629672655142,0.362537504804696,0,0.3,0.9712285427047058
Blockiness only,tiger_leaves,78,0.8929029316315622,0.2250222237967505,0.7818667269920649,0.8708508696014008,0.24197306475388952,0,0.3,0.9660329369693855
Blockiness only,tiger_leaves,86,0.8995310152207954,0.2222756041226016,0.7718791117393626,0.8358638194062061,0.2771455839780076,0,0.3,0.9707611801286242
Blockiness only,tourist_shore,12,0.8061483562796224,0.3537206454705337,0.6488122571456905,0.8051088596013785,1.032413534309863,0,0.3,0.9757763846466864
Blockiness only,tourist_shore,30,0.8648953842165066,0.2811450709571828,0.7170445885260894,0.8934249044331005,0.9183697568975584,0,0.3,0.9716027483795102
Blockiness only,tourist_shore,73,0.8828874223099804,0.2398964120886164,0.7609932612046731,0.9270234949153282,0.41805854309369067,0,0.3,0.9675857233659519
Blockiness only,tourist_shore,82,0.8732411470939954,0.28285260725876593,0.6965932425077899,0.8494359878445265,0.6092552826822761,0,0.3,0.9765425247614513
Blockiness only,traffic_santa,10,0.7861369827677236,0.31444855379863235,0.6822771605556776,0.8433655448544854,0.9719265074887657,0,0.3,0.9643234660948701
Blockiness only,traffic_santa,14,0.6723760739755247,0.3443201429977907,0.6613649916126889,0.7812702493345575,1.0540361822883169,0,0.3,0.949746406997695
Blockiness only,traffic_santa,16,0.748284705040742,0.32515209014178353,0.6671049459391405,0.8099591256232396,0.6475073364235886,0,0.3,0.9531888126425886
Blockiness only,traffic_santa,23,0.7736139481781948,0.30303405207434214,0.6951163432023457,0.8272045010370722,0.5614630982509148,0,0.3,0.9609274361255855
Blockiness only,two_bears,10,0.8365517246698377,0.2792178896827331,0.715167396892094,0.8874171280616573,0.3428766852208829,0,0.3,0.9834130087711525
Blockiness only,two_bears,20,0.8817613845784223,0.25199583521841734,0.7376852939383148,0.8407865934327959,0.3202094377102424,0,0.3,0.9855769632095341
Blockiness only,two_bears,28,0.7950365395486656,0.24919821976682105,0.7260603901940669,0.9087324409317016,0.2789230349151002,0,0.3,0.977509918910736
Blockiness only,two_bears,72,0.8936830042811248,0.2205473214540575,0.7795594922066658,0.8989616971863388,0.2680489299002295,0,0.3,0.9815039800112637
Blockiness only,walking_bear,12,0.8084512041399237,0.26552293657285125,0.727719022146885,0.9248022208148021,0.33636005503004546,0,0.3,0.9652978085341459
Blockiness only,walking_bear,22,0.71474083940144,0.2564290977337005,0.7153455118807607,0.8525462794853942,0.3016405654586084,0,0.3,0.97070459857581
Blockiness only,walking_bear,23,0.7385021269070742,0.2596832967267351,0.7344393905885366,0.8617949565008657,0.35303263792882333,0,0.3,0.9635206927914985
Blockiness only,walking_bear,39,0.7437559764277686,0.24988385085240228,0.7328717462191526,0.8130239971200957,0.29593862590276787,0,0.3,0.9647899627154017
Blockiness only,wet_bear,10,0.8193862434719137,0.3507937894189766,0.6470246242532562,0.7358301469765985,1.7247145236860542,0,0.3,0.978783175260838
Blockiness only,wet_bear,43,0.8554980782106284,0.302791596129089,0.6885777174258161,0.8743220100522474,1.2737176345803423,0,0.3,0.97079264229836
Blockiness only,wet_bear,47,0.8447512963691239,0.33218236199622614,0.6430228035300203,0.879952926617671,1.3420190637566827,0,0.3,0.9739819801899378
Blockiness only,wet_bear,72,0.8999946444915536,0.26266548707957454,0.7473857248582336,0.9119931875401636,0.6436695292858177,0,0.3,0.9695023413682771
Blockiness only,white_hat,12,0.8677539731967941,0.3525361750278099,0.628507286897263,0.7508326477404182,0.8284191809663617,0,0.3,0.963807552506869
Blockiness only,white_hat,19,0.9166555537361399,0.27335452349575673,0.7614031201463984,0.8766397238991764,0.6803435269914501,0,0.3,0.9712027394331215
Blockiness only,white_hat,27,0.8298280837720741,0.33099731421158796,0.6477422380943294,0.7937329194271695,0.7757437430018753,0,0.3,0.9566482179955818
Blockiness only,white_hat,79,0.8953667824895563,0.23646501030242367,0.7716985102676022,0.8947761605916409,0.31174758845546335,0,0.3,0.9648030160285732
Blockiness only,young_cowboy,11,0.7993680839589173,0.28992800936371793,0.7117509425722695,0.877026423289288,0.46173307379592654,0,0.3,0.9815164245868503
Blockiness only,young_cowboy,18,0.8530355896370786,0.24781213735216343,0.7476607482569307,0.9469752892452884,0.2976967983482183,0,0.3,0.9809970039768902
Blockiness only,young_cowboy,19,0.8157145283155632,0.2733768508983375,0.7178118627043741,0.8949274557733273,0.3764861111234059,0,0.3,0.9772580971000634
Blockiness only,young_cowboy,68,0.8474912417378838,0.2761879470907753,0.7141039304479089,0.930235482600747,0.4200457617734491,0,0.3,0.9802456858628453
DCT only,arab_mountain,18,0.8816251738610994,0.2880561627440516,0.7052250487709549,0.762369120674784,0.40557350742843307,0,0.3,0.9902158727993781
DCT only,arab_mountain,38,0.9172608349688912,0.24517646412846777,0.7490536373098944,0.7712393853748177,0.2978737328715255,0,0.3,0.9953426809076636
DCT only,arab_mountain,47,0.8579614511647048,0.23153649904580745,0.7696400660661503,0.8238958687672402,0.2329059687797781,0,0.3,0.9902578442460059
DCT only,arab_mountain,64,0.8871864654251189,0.24375315117930366,0.7451363369136245,0.8188546839587426,0.2606030363138056,0,0.3,0.9929219558115618
DCT only,bear_fish,19,0.8333702840173749,0.33004377692456793,0.6710719008071342,0.7312941672948786,1.314562011276345,0,0.3,0.9828978826460355
DCT only,bear_fish,25,0.8815453312486246,0.2765304313768762,0.7104532174212117,0.8487938247882137,0.47930947886719205,0,0.3,0.982827850967515
DCT only,bear_fish,32,0.9248907885646004,0.27935848051907636,0.7248297481809927,0.900124085748658,0.6227376940977283,0,0.3,0.9865660345511023
DCT only,bear_fish,64,0.8287100835083571,0.30342064137712577,0.6907694400892761,0.7810640302134543,0.5960537714021896,0,0.3,0.984356609214399
DCT only,bird_bushes,18,0.8757662195786958,0.2763497654640799,0.7188935320016046,0.9066221285509363,0.4434614695525033,0,0.3,0.9850369535821241
DCT only,bird_bushes,21,0.8906738587325458,0.2613096429445814,0.7456128141684581,0.8263415586836776,0.3709674836260383,0,0.3,0.9806986052245782
DCT only,bird_bushes,42,0.8876971058385449,0.24102228406626677,0.7492540617520201,0.9000967715637386,0.28099560972872156,0,0.3,0.9865407035988398
DCT only,bird_bushes,64,0.8236889034557575,0.2806588921459072,0.715292271067279,0.8639703816974111,0.4065874613010262,0,0.3,0.9834285968374347
DCT only,cat_fence,10,0.8094823983617815,0.3380600863443884,0.6590125738820236,0.8237834492749596,0.6751481720345792,0,0.3,0.9547633910560963
DCT only,cat_fence,11,0.8489040781738914,0.29283593304780187,0.7000025672805524,0.8890014721163177,0.5762043362316361,0,0.3,0.958027928842719
DCT only,cat_fence,72,0.8795948276187626,0.2658520792006269,0.7247385564383267,0.8825000377042055,0.3569880536692439,0,0.3,0.986198021767582
DCT only,cat_fence,87,0.9247319640960963,0.23077867813576017,0.7754804581665942,0.9297111717613809,0.2705226526415514,0,0.3,0.9861164108028543
DCT only,climber_mountains,10,0.721499704178546,0.3149137813143689,0.6699404419834246,0.8178524587635484,0.6697565554256465,0,0.3,0.9264791822871684
DCT only,climber_mountains,11,0.7186935453017567,0.30910694143726086,0.6753803789797754,0.7967056985490969,0.43517720047618846,0,0.3,0.9175155959992481
DCT only,climber_mountains,26,0.7493493729274084,0.29061128850074186,0.705210570710768,0.8400381698127783,0.5029793903947876,0,0.3,0.9489260295089462
DCT only,climber_mountains,34,0.8046080384404973,0.274642803716464,0.7100608977657972,0.9031414160222608,0.4780517257077885,0,0.3,0.9693084911321134
DCT only,climber_sunglasses,11,0.7231895465768038,0.29469480335617176,0.6741194890872585,0.829061050742862,0.40573244729310254,0,0.3,0.980099081266845
DCT only,climber_sunglasses,21,0.8713757563566245,0.21664171864198756,0.761164861485718,0.9182414178456887,0.19616075394084434,0,0.3,0.9850647289375538
DCT only,climber_sunglasses,35,0.7707957293879254,0.2905686789789118,0.6882822256373414,0.7746358063093708,0.36510770658848823,0,0.3,0.9880118940257592
DCT only,climber_sunglasses,47,0.8720392497106215,0.25003484212163984,0.7285118350108984,0.8931265480647498,0.2779789344122206,0,0.3,0.9946216781419995
DCT only,cycler_hill,11,0.7936454821668113,0.2702246599277881,0.7332168475413171,0.8834025631996509,0.35095532506398375,0,0.3,0.9336835737395439
DCT only,cycler_hill,24,0.7168937781804615,0.2939486835160464,0.7047138559684313,0.8574178389906768,0.4357459535072096,0,0.3,0.9467977493756652
DCT only,cycler_hill,60,0.7993733734102201,0.2925737852826412,0.6995993975368927,0.8672000097658048,0.49801169591016026,0,0.3,0.9724645684526693
DCT only,cycler_hill,71,0.8144758114718749,0.2592706838155815,0.7427385636565922,0.8656199539452226,0.3391046368918016,0,0.3,0.9632613394658692
DCT only,cycler_ice,14,0.5850721219185628,0.3253323072949624,0.6524220195320952,0.7808702407245299,0.8618665291857389,0,0.3,0.9153834422618818
DCT only,cycler_ice,15,0.701573427240576,0.295138540512645,0.699575885367474,0.8255934236458841,0.7927763743651935,0,0.3,0.9299871449541827
DCT only,cycler_ice,30,0.48986863211431936,0.348939792982095,0.6161937731133794,0.7186162742017987,0.8952572557535144,0,0.3,0.9440739616174312
DCT only,cycler_ice,40,0.6147602391663886,0.2752469423991629,0.7034255008654916,0.7992981514375462,0.43337554855357907,0,0.3,0.923091418054418
DCT only,dog,29,0.6836095471426529,0.27686827878528,0.6953605419972121,0.7740084146233237,0.34543809202922043,0,0.3,0.961851588618761
DCT only,dog,33,0.8393098626527996,0.2713156365467488,0.7150613734083627,0.8162158746062208,0.37590829299720163,0,0.3,0.978097860316831
DCT only,dog,67,0.7935330919041311,0.2512022054305651,0.7392608611973054,0.8741308464063412,0.2905703551171564,0,0.3,0.9756460663984646
DCT only,dog,90,0.8499523615216191,0.2247626199215206,0.7727465955102935,0.8652166156971779,0.25793570458310927,0,0.3,0.9734380508140172
DCT only,dog_walker,22,0.8721606804806804,0.23820908696104715,0.762581230322453,0.862159969339262,0.24710976037822063,0,0.3,0.9837123180191627
DCT only,dog_walker,27,0.7662261846436584,0.28071258057637205,0.6990953182129502,0.8515499077183479,0.3886286479547878,0,0.3,0.9851180759523214
DCT only,dog_walker,77,0.7519611065502766,0.263040251451337,0.7358670986596524,0.8772956295817238,0.35677043031768074,0,0.3,0.9838507100523243
DCT only,dog_walker,87,0.9002056907981719,0.22213547790628146,0.7882778470719248,0.9363393100653565,0.2194437790889758,0,0.3,0.9871963656805555
DCT only,fence_guard,11,0.8210264651753237,0.2611897346031243,0.7323499185657921,0.8502269911908423,0.34117546383717057,0,0.3,0.9499141542046083
DCT only,fence_guard,15,0.8075761359677095,0.31670612592200204,0.6703959329909193,0.8278567645038061,0.6965979153792337,0,0.3,0.9633582669501918
DCT only,fence_guard,24,0.7656265844935478,0.29009126044721323,0.6964459136727226,0.7668479142286981,0.3675959192049903,0,0.3,0.9502551996857701
DCT only,fence_guard,50,0.8312708856336718,0.2838803398473317,0.7006216799057675,0.8454536953522622,0.45508100624301623,0,0.3,0.9712923002438197
DCT only,girl_boat,13,0.8567389170755757,0.3379826549693999,0.6343780284386024,0.8637434922118153,0.4979583119349977,0,0.3,0.9641407197861149
DCT only,girl_boat,31,0.9195538812414564,0.2682968307396786,0.7367541569717293,0.8666795313678473,0.3934580987772986,0,0.3,0.9852317789470577
DCT only,girl_boat,66,0.9204890186378814,0.25167427332045655,0.7562870908087087,0.9150655984748132,0.3897084622545169,0,0.3,0.9834189919625677
DCT only,girl_boat,86,0.8831155596965307,0.2519232818220288,0.7331668478803732,0.8420512307458838,0.32100149220535745,0,0.3,0.9799608910607195
DCT only,girl_car,12,0.6616779623849179,0.3298954884012519,0.6621643688697494,0.7949415689041468,1.1621570909870378,0,0.3,0.922987296619054
DCT only,girl_car,22,0.7479240589264072,0.29617581819677086,0.6866442834846288,0.8452123581837329,0.6363442216021525,0,0.3,0.9449365819216271
DCT only,girl_car,27,0.6610872086543468,0.3329168990611576,0.6590996254560157,0.7866552516895162,0.9654429010234694,0,0.3,0.9420803092432336
DCT only,girl_car,63,0.745806057354873,0.24327301564434797,0.7453813811461191,0.8316286687616855,0.2952029860383978,0,0.3,0.9277444507940372
DCT only,goalkeeper_boy,10,0.8834105661285782,0.30565491768638353,0.6975346085751627,0.865090396511667,0.8748026267680064,0,0.3,0.9819772860933594
DCT only,goalkeeper_boy,16,0.8476958240923481,0.3262112229740342,0.6799921320260287,0.8227679610416478,1.262679703475671,0,0.3,0.9828988313500773
DCT only,goalkeeper_boy,20,0.8757535851299741,0.2925603314417552,0.7071072954522156,0.8404784878327423,0.6954860122878719,0,0.3,0.9828306915368261
DCT only,goalkeeper_boy,62,0.8507898301248039,0.27158082842829684,0.7210117124834556,0.9199352386205791,0.5316229480428475,0,0.3,0.983632908618867
DCT only,head_statue,14,0.6769166050032597,0.3454529350456089,0.6288853399161323,0.7766297040084517,0.7920347117693659,0,0.3,0.9313967193062331
DCT only,head_statue,22,0.7481180519199166,0.34755479514410903,0.6605974462048958,0.7965434764177576,1.527936933411822,0,0.3,0.9526384458067837
DCT only,head_statue,32,0.796102295314807,0.3690631720648493,0.6109297126711938,0.7502497637913542,2.2476448392873247,0,0.3,0.9779420490922746
DCT only,head_statue,85,0.7543511077173621,0.3256165054486689,0.6754170331842181,0.8156632174521433,0.8271537760322826,0,0.3,0.9673357024927578
DCT only,hunter_boy,10,0.8624677699743009,0.32207616781339043,0.6973805594904919,0.7765629678889341,0.562580508075076,0,0.3,0.9765467290327348
DCT only,hunter_boy,16,0.8355674850942942,0.32242631637280583,0.6548659855099974,0.7760257606901793,0.5119210323431684,0,0.3,0.9915235490411659
DCT only,hunter_boy,21,0.894508606673748,0.33226177832603077,0.6785445587523602,0.7876308244034935,0.6164980813721853,0,0.3,0.9914003752405411
DCT only,hunter_boy,44,0.88666844187236,0.3053345083256265,0.6857918733959633,0.7564334316887844,0.3842519743174224,0,0.3,0.9844933255367875
DCT only,kid_bucket,10,0.8676908453787581,0.32418905629264927,0.6829091026264403,0.7969954218063133,0.6271809631107643,0,0.3,0.9555139950297237
DCT only,kid_bucket,22,0.9049183330874926,0.3080391166881324,0.7099579465268767,0.8032897569162026,0.5254812733615511,0,0.3,0.9752741190313481
DCT only,kid_bucket,30,0.9020392820486697,0.30249506559664313,0.7029260393577029,0.7400154274194805,0.5285197226397402,0,0.3,0.9757094324629244
DCT only,kid_bucket,32,0.9204648401084903,0.2635797162650124,0.7421790912512002,0.8526146684497807,0.33562886194187463,0,0.3,0.9760826033722015
DCT only,kid_rubble,14,0.7508326066893486,0.3144331004054265,0.651319388128138,0.75476225011029,0.5007721082591569,0,0.3,0.9463187738846459
DCT only,kid_rubble,19,0.7567190849150841,0.33131481111263816,0.6575531840975419,0.7113878556205561,0.8765449746290973,0,0.3,0.9641558645376608
DCT only,kid_rubble,63,0.8370946254126094,0.28752866284325634,0.712849383055903,0.8581850995104616,0.5030675715216038,0,0.3,0.9747044913463286
DCT only,kid_rubble,71,0.8462110288327057,0.23964536441759893,0.7508176602219618,0.8886389242624375,0.26662308428002285,0,0.3,0.9620078482712984
DCT only,laughing_bear,10,0.8018805214462958,0.2843246927434555,0.6988877421903424,0.8892383921916845,0.3967220955083148,0,0.3,0.9889239808635311
DCT only,laughing_bear,11,0.8824664433201745,0.26055910796301535,0.7345701001358467,0.8570773327367252,0.3632391650378678,0,0.3,0.986531340974267
DCT only,laughing_bear,16,0.7459047985005467,0.2901698437705658,0.6872684067621165,0.844252230101858,0.42652899517571297,0,0.3,0.9877000538232302
DCT only,laughing_bear,24,0.8813107764780148,0.23131355304527162,0.7646544580735687,0.9159663606971787,0.267925975748067,0,0.3,0.9914569493137932
DCT only,man_desert,10,0.9048034822399191,0.2946115230143476,0.7255374364022965,0.8006048576818035,0.5006371912423766,0,0.3,0.9601103144168505
DCT only,man_desert,11,0.8510275066628015,0.3385976376129533,0.6734948719279124,0.8136754778111093,0.7445209060194576,0,0.3,0.9599770508548254
DCT only,man_desert,16,0.8923097477328459,0.339581327041172,0.6698662507051458,0.7322562819573425,0.830006422920196,0,0.3,0.9775657146952622
DCT only,man_desert,19,0.8299794653765613,0.353065842905986,0.6422339156093071,0.7657090691775162,0.7022852280946044,0,0.3,0.9798140651061983
DCT only,man_door,10,0.8418496095678943,0.3183105722817455,0.685950755667187,0.7682643770309958,0.6995294952714131,0,0.3,0.945727254615036
DCT only,man_door,12,0.6728408350545656,0.3866927307558147,0.5658704898495547,0.787801213328194,0.8691462317733676,0,0.3,0.9720424605781002
DCT only,man_door,16,0.8800045922200129,0.31036403530270307,0.7038443526253411,0.8290385699313088,0.4965774829895423,0,0.3,0.9627292174870022
DCT only,man_door,22,0.8476802965905391,0.2763244280211392,0.70792352569533,0.8732504151911776,0.3653557886971912,0,0.3,0.9748905279453853
DCT only,man_weaving,10,0.7709081484376038,0.28312480245761085,0.6881114364355453,0.7661486923105005,0.3692052028561364,0,0.3,0.9590305869096863
DCT only,man_weaving,26,0.774799878353252,0.25346957387484625,0.7263177191803674,0.7941063823045547,0.31884147788321165,0,0.3,0.976325380713897
DCT only,man_weaving,80,0.8196619371795623,0.21254763878413904,0.7856611553449934,0.8890661735650112,0.2033856410099212,0,0.3,0.9706287316070494
DCT only,man_weaving,87,0.7959172748048209,0.22342145318185327,0.7631424405803799,0.8815948807486517,0.2303392295968611,0,0.3,0.9764482847507046
DCT only,monk,11,0.9238258185278055,0.26740883521304204,0.7562575267871791,0.8819766562589398,0.5094512138897846,0,0.3,0.9620064894592372
DCT only,monk,18,0.8566327001487206,0.31115418445357607,0.7033860877210688,0.8687915342518857,0.785829673196096,0,0.3,0.9603567142846438
DCT only,monk,20,0.8343344009575413,0.29593080405674105,0.7067450728552397,0.8391342684710373,0.456953085575869,0,0.3,0.9499506838176124
DCT only,monk,61,0.7733512238028931,0.32430634718853285,0.6585113847541261,0.7329436043210615,0.5121388512651605,0,0.3,0.9431718696736077
DCT only,mountain_chateau,11,0.9037594539648809,0.2615331348225565,0.746144429244255,0.9455522945071468,0.48203174141266697,0,0.3,0.9712007244457309
DCT only,mountain_chateau,42,0.8764830080062983,0.24315100964081054,0.7409108221685649,0.9547819087547831,0.30924101473364757,0,0.3,0.9861887520693124
DCT only,mountain_chateau,43,0.8562549138110375,0.268937564993419,0.7256603045059375,0.8885630086609281,0.41145865603529874,0,0.3,0.983001203181008
DCT only,mountain_chateau,68,0.8673251926385699,0.24541379793218285,0.745503180469529,0.9286657247644136,0.33463023207325604,0,0.3,0.9855617026648835
DCT only,satellite,11,0.8202870456731712,0.2862076816051167,0.705839541277466,0.8359477317221483,0.4217871691283541,0,0.3,0.9728950821109749
DCT only,satellite,13,0.7856687003008459,0.2457546451627855,0.7313972345664788,0.8858377325069897,0.2829290587337572,0,0.3,0.9670445934471873
DCT only,satellite,17,0.8525194577310848,0.2613658859470305,0.7291008647019084,0.8910736408901608,0.3751037791153862,0,0.3,0.973984873751729
DCT only,satellite,82,0.782930357342785,0.22259080839677733,0.7643723603120643,0.8460190354038126,0.24311410559522062,0,0.3,0.9618685197204806
DCT only,seal_ice,11,0.8413679893899878,0.3258468575335349,0.684061544357871,0.8419101676336794,0.6205410747075015,0,0.3,0.9629822947272701
DCT only,seal_ice,24,0.8147572023195021,0.30791700893396473,0.6903720059303567,0.8068335689575609,0.459144291260177,0,0.3,0.9700738419737426
DCT only,seal_ice,60,0.9192347582709736,0.2545133265698036,0.738864174153908,0.8719815510866256,0.3241597549956866,0,0.3,0.9835489111977433
DCT only,seal_ice,85,0.8778152766417311,0.2699962178776454,0.7398757614703989,0.7963568207100649,0.4317104018923967,0,0.3,0.9827882422358359
DCT only,seals_cliff,11,0.6563810519279479,0.3660830774029223,0.6100285524373608,0.6810846585320292,1.2053997129441048,0,0.3,0.9532393408766258
DCT only,seals_cliff,17,0.7847696901941649,0.3364967519006525,0.6758399591201247,0.6889732339804363,1.5562546403027593,0,0.3,0.959563000488174
DCT only,seals_cliff,24,0.7039088144226887,0.3165436117314633,0.6431380153331023,0.838688810543043,0.6766602393521213,0,0.3,0.9746617814627817
DCT only,seals_cliff,54,0.7801340207059597,0.31887214200642516,0.6580862151259514,0.7760013180831267,0.7719265922804832,0,0.3,0.9741444939634105
DCT only,short_man,17,0.7764596002794241,0.31476663274605315,0.6800943680064702,0.8667323091429524,0.7363402914928779,0,0.3,0.9689161750993291
DCT only,short_man,49,0.737606513099046,0.26499160552988277,0.7157962240629481,0.9022012605480203,0.32173172569906583,0,0.3,0.9677773506638493
DCT only,short_man,80,0.872068105387051,0.22979149871627455,0.763689298891666,0.9384391322126289,0.3120818388496765,0,0.3,0.9775971248459363
DCT only,short_man,84,0.8771389810228568,0.2552985943782821,0.7493628656805852,0.9348770294682204,0.39909291928771934,0,0.3,0.9788398279124011
DCT only,snow_fox,12,0.8545257430616128,0.3263372283909347,0.6796550386254954,0.8244083759192941,1.4865659990508584,0,0.3,0.9818361947796869
DCT only,snow_fox,13,0.9173365808783062,0.31077620615361545,0.7325202533175166,0.8184351778604656,1.4072752587186557,0,0.3,0.9856954668144906
DCT only,snow_fox,19,0.902780528764009,0.3013352612290821,0.6981495056603652,0.8884065819154296,1.1458997793020966,0,0.3,0.9898811828366435
DCT only,snow_fox,22,0.8936787649844276,0.2741280188804947,0.751965296365976,0.8521053626973114,0.6019056470717509,0,0.3,0.9839326862887073
DCT only,standing_bear,11,0.8425517650849818,0.3031125459605623,0.6907086398962703,0.9090276671601353,0.41153857028857277,0,0.3,0.9592794161834619
DCT only,standing_bear,12,0.7274667763703029,0.3322168251487431,0.6279800713586183,0.8262083885613698,0.46793853535912744,0,0.3,0.9568811506322003
DCT only,standing_bear,18,0.7566786994235108,0.346781587332289,0.6409222056004911,0.7558569020961426,0.6477918081734195,0,0.3,0.9599838840469264
DCT only,standing_bear,77,0.8507685402914623,0.2699331440485429,0.7402168688320951,0.7609937250718993,0.4607200486743002,0,0.3,0.9537864570346151
DCT only,street_greeting,11,0.8116938469941588,0.3468404424491338,0.629680559258466,0.66497367071171,0.794792176015051,0,0.3,0.9759890689380178
DCT only,street_greeting,15,0.8217892679453622,0.3550038072357644,0.6444311916109956,0.7411983631778192,1.0387966484765159,0,0.3,0.9836415424942897
DCT only,street_greeting,21,0.8524859017030543,0.2846626920750398,0.7169446493769228,0.8029125484161921,0.45089451454027685,0,0.3,0.9790394485849674
DCT only,street_greeting,48,0.859034150304817,0.2652643349118101,0.7085552534591727,0.8427464038854418,0.37810436538765946,0,0.3,0.9888438329284626
DCT only,swan_ice,10,0.8671850918017543,0.309218481477179,0.7054837470884385,0.9285684999905043,0.4860636357433699,0,0.3,0.945132214885884
DCT only,swan_ice,13,0.7561801062607476,0.3207063775350761,0.6726696321936,0.8734437352262969,0.4597423006186426,0,0.3,0.9195647171686717
DCT only,swan_ice,20,0.8407805952722982,0.30197751822022223,0.6778171446410706,0.8913795751922647,0.461338576229966,0,0.3,0.9603607226634913
DCT only,swan_ice,44,0.7928964974798718,0.3374184172686677,0.6322643476735655,0.8944828956513249,0.6821663358477494,0,0.3,0.9693558568692473
DCT only,tiger_leaves,23,0.8597798411894738,0.27542114297718273,0.7057667609618408,0.806213751857328,0.5531398908163884,0,0.3,0.9844463477130391
DCT only,tiger_leaves,36,0.7899748982421649,0.2717534374017316,0.7020310875916526,0.7856645692921691,0.36991414897370206,0,0.3,0.9806119944004562
DCT only,tiger_leaves,78,0.9115307562384741,0.21550969790057686,0.7942425300285534,0.8852683133853835,0.2180565526315364,0,0.3,0.9798613671475143
DCT only,tiger_leaves,86,0.9158208142632945,0.2128075040330939,0.7834448669818429,0.8548147556379933,0.24395899587453604,0,0.3,0.983748047372634
DCT only,tourist_shore,12,0.7958046199255395,0.3737846170836734,0.6219161691453434,0.8243875089299804,1.1500261532709537,0,0.3,0.9626575285449508
DCT only,tourist_shore,30,0.862944933769182,0.29696119695350626,0.7051539715847195,0.8960244739636227,1.0644558341357702,0,0.3,0.9709737408404078
DCT only,tourist_shore,73,0.8954739305580505,0.24342317873307068,0.7583908321394004,0.9351061110356259,0.39438898527663746,0,0.3,0.9723749817561638
DCT only,tourist_shore,82,0.8804860580459583,0.3005370682581975,0.6790804083043651,0.8532252184817589,0.5623278086451237,0,0.3,0.980937945816854
DCT only,traffic_santa,10,0.7718357616657606,0.33097742549679543,0.6698984049225118,0.8367420555256262,1.1411120966671862,0,0.3,0.958085710660493
DCT only,traffic_santa,14,0.6552548235446924,0.36383783152246063,0.6464939517033282,0.7788519540386698,1.255354459382778,0,0.3,0.9473458496996019
DCT only,traffic_santa,16,0.7358389337513662,0.34176595693964495,0.6486529849357906,0.8030476996357643,0.8016457961798289,0,0.3,0.9519950541634774
DCT only,traffic_santa,23,0.7627166329682269,0.31761646412474875,0.6830543499348171,0.829312559551109,0.6881246926334701,0,0.3,0.961244199654169
DCT only,two_bears,10,0.8207629077529215,0.2867685654259218,0.7051967853772747,0.8670866674725576,0.38116665169427927,0,0.3,0.9635235399658065
DCT only,two_bears,20,0.8728967990085871,0.2695360457533722,0.7210095906611242,0.8260759354742053,0.3672977044557988,0,0.3,0.9791263191369053
DCT only,two_bears,28,0.7966259545432155,0.25812905448087736,0.7184645777835924,0.9034882981086454,0.29432456731905243,0,0.3,0.9699319933752848
DCT only,two_bears,72,0.894611047624022,0.2230873242846805,0.7739098186109127,0.8966132792897297,0.23950672646638624,0,0.3,0.9796422871461676
DCT only,walking_bear,12,0.7711185256090057,0.28224832629331603,0.7075642574050607,0.909529753821937,0.39346362613560026,0,0.3,0.9331981833982173
DCT only,walking_bear,22,0.698578220430886,0.2683469047005459,0.706752748031131,0.8312561599499758,0.33065074471104133,0,0.3,0.961907601182313
DCT only,walking_bear,23,0.7173980159341121,0.2716576140055468,0.7222751556034186,0.8470436313392802,0.3825917018879721,0,0.3,0.9543454286001508
DCT only,walking_bear,39,0.7281378237800592,0.2585686770539315,0.7229883745531537,0.7907037096401616,0.30771574203631213,0,0.3,0.9660310013475424
DCT only,wet_bear,10,0.8227819052434293,0.35877289835035275,0.6474288586757851,0.7445864093350542,2.247636116076977,0,0.3,0.9727911970056459
DCT only,wet_bear,43,0.8680589929012166,0.31141835858284383,0.6931419838156185,0.8838558662202107,1.5300780058410863,0,0.3,0.9741789761806171
DCT only,wet_bear,47,0.8515292747736652,0.34490682012286483,0.6390411333461037,0.8863277366484802,1.5803622657240235,0,0.3,0.9777854361927196
DCT only,wet_bear,72,0.908613574050606,0.2753239536473218,0.7449636073977354,0.9142586007899235,0.7301702158428656,0,0.3,0.9746595817440591
DCT only,white_hat,12,0.8455839528300674,0.37771246816548665,0.602827915584426,0.727981281859991,0.988784579404151,0,0.3,0.9432775579276103
DCT only,white_hat,19,0.9090434332345129,0.2946290859802707,0.7396663555728604,0.8629513176202331,0.741568683739228,0,0.3,0.9638212815945413
DCT only,white_hat,27,0.8264615876724686,0.3438545942895718,0.6354026662627826,0.784422044448703,0.9274430686288945,0,0.3,0.9548531727305923
DCT only,white_hat,79,0.898373243942599,0.24601942519265682,0.762905875487911,0.8911241637517615,0.3212010865988635,0,0.3,0.9684731058639359
DCT only,young_cowboy,11,0.7836589036141124,0.30339347144456313,0.6995886379735526,0.8545096330072247,0.4762108385236585,0,0.3,0.9801654112791035
DCT only,young_cowboy,18,0.8546178976896873,0.2475275108020696,0.7477573903195576,0.9461325938329793,0.28195019334444776,0,0.3,0.9867016745515818
DCT only,young_cowboy,19,0.808519185677381,0.2787234703982906,0.7096001883035037,0.8781583710836077,0.34684659367527404,0,0.3,0.9841553258196416
DCT only,young_cowboy,68,0.8526022773026563,0.2659774808090437,0.719985785888584,0.9300852535986003,0.31915808618415337,0,0.3,0.9895824202147837
Ringing only,arab_mountain,18,0.8878447930681689,0.276381283040675,0.7171259716459787,0.7670603799620728,0.4003921491155716,0,0.3,0.9937966028042915
Ringing only,arab_mountain,38,0.9199360415823911,0.23851564624730834,0.7553723997857599,0.7822314964924255,0.3443679119465847,0,0.3,0.9963042664174752
Ringing only,arab_mountain,47,0.8627446387232977,0.22737992533433746,0.7741129884080648,0.8329691370437137,0.22683826401928456,0,0.3,0.9922090947689247
Ringing only,arab_mountain,64,0.8910247248412897,0.23843849780592208,0.7506880377527825,0.8228861235926682,0.24817973052513456,0,0.3,0.9943362326361157
Ringing only,bear_fish,19,0.8351526182733939,0.3216766142001184,0.6799559975508519,0.7387710154984497,2.078543542786924,0,0.3,0.9871046510342029
Ringing only,bear_fish,25,0.8847231195992622,0.2670709945911014,0.7194963485944729,0.8522341034466644,0.6495870628440447,0,0.3,0.986570862582125
Ringing only,bear_fish,32,0.9264064798280532,0.2699178062640469,0.7348094534119146,0.9025126199367343,1.0569478858609376,0,0.3,0.9893056956118013
Ringing only,bear_fish,64,0.8310491366375483,0.2962016770665662,0.6962636298482451,0.788643613477709,0.9412369089689119,0,0.3,0.9874919126977012
Ringing only,bird_bushes,18,0.8812935549617393,0.2561798490187777,0.7331402122736013,0.9107395386904555,0.3134973625164667,0,0.3,0.9907768529232559
Ringing only,bird_bushes,21,0.901379382249322,0.2436506206581462,0.7600577403136569,0.8366964166593439,0.2713944058506564,0,0.3,0.9877895978342578
Ringing only,bird_bushes,42,0.8922555380149518,0.225893163276925,0.7605521042666912,0.9059595640240501,0.22946323035547947,0,0.3,0.9911943995765287
Ringing only,bird_bushes,64,0.8286417102704493,0.26676997065341834,0.7247904500483263,0.8626364155432391,0.3319129683767438,0,0.3,0.9888353544016053
Ringing only,cat_fence,10,0.8290053190369968,0.32229965169263436,0.6805473897940472,0.8198601386138221,0.8881100912654447,0,0.3,0.9747485441993909
Ringing only,cat_fence,11,0.8662792623980495,0.2753810379441458,0.7216477069580199,0.9002646107004345,0.7407562809055237,0,0.3,0.9740533043759187
Ringing only,cat_fence,72,0.8764302255151563,0.28392083219117575,0.7166791144990965,0.8796155163537,1.0517907860863331,0,0.3,0.981169079353892
Ringing only,cat_fence,87,0.9206965093677818,0.2577292519185124,0.7639016884059819,0.9296420683866448,1.0912706114222392,0,0.3,0.9795988974177939
Ringing only,climber_mountains,10,0.731649521554658,0.30601741117825265,0.6809079602493976,0.8184901351986315,0.7331722264606838,0,0.3,0.9410953537507146
Ringing only,climber_mountains,11,0.7345663568286923,0.2994634387451263,0.6886536494707807,0.7998881105746717,0.41837020216581383,0,0.3,0.929347757112955
Ringing only,climber_mountains,26,0.7583279422829862,0.28363901945105313,0.713143890161383,0.84101912118411,0.571217864172755,0,0.3,0.9527365581758392
Ringing only,climber_mountains,34,0.8063463795168992,0.2697958990047037,0.7191241236951688,0.9014341501962736,0.6573865436415983,0,0.3,0.9725012395613633
Ringing only,climber_sunglasses,11,0.7293122099681314,0.28503879566705337,0.6793626167665451,0.8382313294473406,0.35629817823785537,0,0.3,0.9855995596033382
Ringing only,climber_sunglasses,21,0.8756514182718247,0.2101019202279251,0.7668566869000204,0.9224464023378842,0.17733013628870428,0,0.3,0.98754754857394
Ringing only,climber_sunglasses,35,0.7753186396119537,0.28535788041465016,0.6925213970185591,0.7824942803821185,0.34057979465260046,0,0.3,0.9898173671029132
Ringing only,climber_sunglasses,47,0.8712578833037103,0.24759759514613994,0.7288796224784464,0.8916664124303546,0.26616157733749163,0,0.3,0.9955444957100916
Ringing only,cycler_hill,11,0.8267787229779632,0.24381603793488302,0.7556538422801496,0.8988075706337426,0.28091646370800855,0,0.3,0.9651779683888695
Ringing only,cycler_hill,24,0.7314777264944764,0.27791043984802455,0.7188719808061178,0.8670325019973592,0.48288654224049327,0,0.3,0.9684061060153762
Ringing only,cycler_hill,60,0.8134853224713988,0.27749794611449313,0.7162950847687153,0.8768416588951475,0.8279288926248229,0,0.3,0.9827576362990085
Ringing only,cycler_hill,71,0.8243296771479175,0.24572085247318912,0.755117757585798,0.8731766853630997,0.41736705623863146,0,0.3,0.9770299935888719
Ringing only,cycler_ice,14,0.5932071548041341,0.3202857208763549,0.6607671765810122,0.7816107926391979,1.081490566638785,0,0.3,0.9251126132209602
Ringing only,cycler_ice,15,0.7110062293359668,0.2882837042483545,0.7111602937960131,0.825664085491789,0.9440514655194107,0,0.3,0.9380201282628281
Ringing only,cycler_ice,30,0.499144398418285,0.3459122417597837,0.6260140745357416,0.7192382262147319,1.5043549038638195,0,0.3,0.9474194376093903
Ringing only,cycler_ice,40,0.6170359304585125,0.27207271324874666,0.7131383796414309,0.797027485438337,0.6248852347039758,0,0.3,0.9255907568851229
Ringing only,dog,29,0.6993501979615521,0.2637118543808261,0.7088115388919016,0.7872846707303107,0.3083269150452744,0,0.3,0.9761063860427127
Ringing only,dog,33,0.8519834013812813,0.25091931911080406,0.734072814374851,0.8262098333946694,0.3145957060317625,0,0.3,0.9862588202012259
Ringing only,dog,67,0.8007909610438767,0.2396413639940646,0.7468427277818461,0.8820077891644472,0.2534038756169402,0,0.3,0.9850529619703393
Ringing only,dog,90,0.861843577419601,0.21255534306608853,0.7866392617786885,0.8765356751470986,0.29847150797427413,0,0.3,0.984351610030996
Ringing only,dog_walker,22,0.8772955815898934,0.23530234653756976,0.767560120521653,0.8689993213033632,0.23799701191468223,0,0.3,0.9878547887746506
Ringing only,dog_walker,27,0.7669886181839635,0.27383581405080104,0.704511765124136,0.8532621529104605,0.39669314037543724,0,0.3,0.9890841605498558
Ringing only,dog_walker,77,0.7497688695364473,0.25622148678790957,0.7367371893147456,0.8742127489259147,0.3630679747648852,0,0.3,0.989196444445242
Ringing only,dog_walker,87,0.9046180815702239,0.2157435424157028,0.7914560920419735,0.9389821460811075,0.2277940046764208,0,0.3,0.9919619695244715
Ringing only,fence_guard,11,0.8389737199396837,0.2439463253851862,0.7489582301822497,0.8650761046342913,0.28478456678063246,0,0.3,0.963044196328129
Ringing only,fence_guard,15,0.819023698216127,0.2956270823607476,0.6903935394873267,0.8358115708773761,0.6881433304525456,0,0.3,0.9715462551087681
Ringing only,fence_guard,24,0.7802271393698741,0.28034772901626914,0.7074437172877082,0.7697269871663841,0.341123438198246,0,0.3,0.9585430969171169
Ringing only,fence_guard,50,0.8356867176850358,0.2741909204979134,0.7137494300884771,0.8458360399461567,0.5940746898889738,0,0.3,0.9766307419115858
Ringing only,girl_boat,13,0.8679286641594164,0.33227615999340687,0.6403198115372164,0.8720734795610792,0.4987271509877014,0,0.3,0.9766352533938304
Ringing only,girl_boat,31,0.9219386021081578,0.26347221624647504,0.7420520633087435,0.8729094112181556,0.45799238532571057,0,0.3,0.9874908043464032
Ringing only,girl_boat,66,0.9222434882624553,0.2517967030938814,0.7602893779071953,0.9138839097164728,0.726791811611932,0,0.3,0.9857492293232433
Ringing only,girl_boat,86,0.8832695853006948,0.2508503673944275,0.7363959539923947,0.8382819747969922,0.3977156845554526,0,0.3,0.9824246601811844
Ringing only,girl_car,12,0.6752025741075739,0.32223114562059413,0.6758727908659942,0.7970190925941155,1.1469956382576139,0,0.3,0.9365700103685932
Ringing only,girl_car,22,0.7431408459270168,0.29459785992185916,0.6924102767242386,0.8411062148450433,0.7341158231493706,0,0.3,0.9469605724003426
Ringing only,girl_car,27,0.6558053376984199,0.3332400483675258,0.6632402220133236,0.7826178304157073,1.080862070970527,0,0.3,0.9416508205003701
Ringing only,girl_car,63,0.7360131150074813,0.2475076692787273,0.743503054731733,0.829926656935358,0.35606197696389835,0,0.3,0.9189711200065871
Ringing only,goalkeeper_boy,10,0.8881275892103953,0.29462243700818314,0.7091302600148017,0.8724881367499342,0.989902262419064,0,0.3,0.986465220683229
Ringing only,goalkeeper_boy,16,0.8500994827702459,0.32071088909280865,0.6873093136311114,0.8229214510799285,1.7602840644241609,0,0.3,0.9861639230151595
Ringing only,goalkeeper_boy,20,0.8786086799634886,0.286464066268186,0.7122052658616682,0.8463078111942719,0.8871338670118363,0,0.3,0.9855784587351665
Ringing only,goalkeeper_boy,62,0.8515917043725166,0.26794564576717234,0.7261448585732725,0.920893206799761,1.0347176175580655,0,0.3,0.9861113706041065
Ringing only,head_statue,14,0.6951837168427186,0.33914600325157157,0.6373374075276776,0.7803664637926723,0.7962134725170839,0,0.3,0.9484182912677618
Ringing only,head_statue,22,0.7576819063507396,0.346338678638586,0.6640322933126476,0.8049496079982638,2.041585034794263,0,0.3,0.9608846035925195
Ringing only,head_statue,32,0.8006726381572301,0.3718398767799888,0.612997301525314,0.7791260233389362,3.153074817609123,0,0.3,0.9800867813586215
Ringing only,head_statue,85,0.7555936034962084,0.3355053106734114,0.6731816188641666,0.8172904883962625,2.3859061683286296,0,0.3,0.9680016490098133
Ringing only,hunter_boy,10,0.8731597621069344,0.302815860611802,0.7138727363099203,0.7892258079677957,0.5230091498344925,0,0.3,0.9861960752419858
Ringing only,hunter_boy,16,0.8369618088694746,0.3131598886868433,0.6622742832252533,0.7857782527724424,0.5255195975225244,0,0.3,0.9939825027437674
Ringing only,hunter_boy,21,0.898462001960179,0.3196773395174564,0.6904277010829001,0.8034678130140771,0.7292651788459135,0,0.3,0.9934942331596975
Ringing only,hunter_boy,44,0.8890107523032967,0.29949085637988043,0.6911267063838968,0.7664217019162766,0.4252697037231589,0,0.3,0.9878283768735341
Ringing only,kid_bucket,10,0.8630534751368933,0.3154604043649854,0.6929007417552292,0.7986385561481094,0.8313104512574014,0,0.3,0.949229167075995
Ringing only,kid_bucket,22,0.882984096491884,0.31690507881404006,0.7077115861221419,0.8021989112767097,0.9918396640574026,0,0.3,0.9552962060729809
Ringing only,kid_bucket,30,0.8769214251932531,0.3170315112350422,0.696138766834125,0.7464533609112353,1.1095871016583823,0,0.3,0.9519464920386598
Ringing only,kid_bucket,32,0.8983069384122316,0.27249804235042485,0.740310323457429,0.8508323143335816,0.5480716982455857,0,0.3,0.9531651987754871
Ringing only,kid_rubble,14,0.7778951745757141,0.29803528818703817,0.670704216080993,0.7621300817657289,0.49677750373092516,0,0.3,0.9646459220256848
Ringing only,kid_rubble,19,0.7729441156937895,0.31122958149199953,0.6777279810060735,0.7256442057250558,1.1786224496593123,0,0.3,0.9753011206673894
Ringing only,kid_rubble,63,0.8390993146374803,0.2859465199418016,0.7173098887920324,0.856105659126726,1.0554371658130655,0,0.3,0.981411663184273
Ringing only,kid_rubble,71,0.8502155940353675,0.23619599573872696,0.7550290721543538,0.886622927512702,0.37433117737661,0,0.3,0.9715329381371934
Ringing only,laughing_bear,10,0.8062205134769623,0.2643463151386342,0.7140568904829164,0.900002864454967,0.3048590986641327,0,0.3,0.9947684476718484
Ringing only,laughing_bear,11,0.8909214827958228,0.23569799714804016,0.7524652540624686,0.8662379008456632,0.2524241300953742,0,0.3,0.9932333366572939
Ringing only,laughing_bear,16,0.7504667689823026,0.2819425530454869,0.6941998622704851,0.849212809133441,0.41333260906600766,0,0.3,0.9924007166374038
Ringing only,laughing_bear,24,0.886110064575518,0.2190821458373955,0.7727035128745866,0.9188151604030946,0.2350776603852701,0,0.3,0.9942111220330364
Ringing only,man_desert,10,0.9137052143638161,0.28510370589574896,0.7354523573568172,0.7944276332158149,0.5242366288372926,0,0.3,0.9730281444679573
Ringing only,man_desert,11,0.8534702589833244,0.3269271839454688,0.68364354612558,0.8106810409775089,0.747357578949812,0,0.3,0.9726630947779388
Ringing only,man_desert,16,0.8942214647731342,0.3300274432913832,0.6796339095312492,0.7300804810051452,0.9408013328551497,0,0.3,0.9818408656997956
Ringing only,man_desert,19,0.8343296078752813,0.3497297132330655,0.6478891295901812,0.7641225974189446,0.9478317630968341,0,0.3,0.9824840602883211
Ringing only,man_door,10,0.8642157649431561,0.2981359093078041,0.7069740006601186,0.7722934874955226,0.7478147780333096,0,0.3,0.9646127890029685
Ringing only,man_door,12,0.6840387857604082,0.37062245143231165,0.5831752252489215,0.7913983732914784,0.9458328410751125,0,0.3,0.9810744755960348
Ringing only,man_door,16,0.8918907147435442,0.29504123090602247,0.717242045509528,0.8336506132183312,0.5724843332297126,0,0.3,0.971898417486148
Ringing only,man_door,22,0.8542851602615231,0.266170893623484,0.7197946752891394,0.874642194131011,0.4693322840662428,0,0.3,0.9802914332386163
Ringing only,man_weaving,10,0.7877453685082841,0.2735728861767499,0.6984054690064423,0.7770682727183392,0.38206359629249986,0,0.3,0.9737866114091984
Ringing only,man_weaving,26,0.7834499841274934,0.2454418272541873,0.7345761699330924,0.802114731936639,0.3047422480882483,0,0.3,0.9822036645760608
Ringing only,man_weaving,80,0.8254708152242117,0.20900589751306875,0.789498535153509,0.8911558981595834,0.20683762781036344,0,0.3,0.9764574304351592
Ringing only,man_weaving,87,0.7984997253272662,0.21932369321960785,0.7652696372795688,0.8835031899068022,0.23854813197619723,0,0.3,0.981286266695391
Ringing only,monk,11,0.9301303287189261,0.2592741835196844,0.7668436401168647,0.8866691952847626,0.6041883074676038,0,0.3,0.9706307558001486
Ringing only,monk,18,0.8637141808528443,0.3060631692500135,0.7127102252334573,0.8799386652531676,1.0469392895289842,0,0.3,0.965799351268128
Ringing only,monk,20,0.8431542262626945,0.29103798574295126,0.717228398299327,0.8500106230539608,0.49032951319961543,0,0.3,0.9567430146966354
Ringing only,monk,61,0.7748586059721128,0.3243940150446442,0.661473470414057,0.7316275032964529,0.5283905174037606,0,0.3,0.9483605826004401
Ringing only,mountain_chateau,11,0.9106207560909784,0.2537792601988767,0.7603010850487031,0.951389805662593,0.760456095337665,0,0.3,0.9791514657982477
Ringing only,mountain_chateau,42,0.8767383778413584,0.240940816527272,0.7454212678348819,0.9563035322144149,0.5107662371222579,0,0.3,0.9876214888335592
Ringing only,mountain_chateau,43,0.8541612784221432,0.2699492560106151,0.7278104744511847,0.8821755251984973,0.5775375761028665,0,0.3,0.9848854096834068
Ringing only,mountain_chateau,68,0.868587047012838,0.245107331766279,0.7510748968080886,0.9270156341915665,0.5140387214480608,0,0.3,0.987136590286725
Ringing only,satellite,11,0.8245230905055013,0.27735622842400814,0.7160433996935907,0.8414369258623934,0.3892947413550853,0,0.3,0.9802612665204461
Ringing only,satellite,13,0.7843986720186704,0.2400911915609584,0.7376729386429759,0.8919778963613466,0.2633896329617652,0,0.3,0.9753061785544569
Ringing only,satellite,17,0.855184075316286,0.2500564157762487,0.7396395440480792,0.895420206855717,0.34260161244887716,0,0.3,0.9804178618631777
Ringing only,satellite,82,0.7755247767318293,0.21840461856296217,0.765645797194353,0.8398195774975624,0.24792360609827485,0,0.3,0.9735018496894183
Ringing only,seal_ice,11,0.8586300054038801,0.3065388669991087,0.703092792024384,0.8495009564971066,0.5964109116977584,0,0.3,0.9779382239624719
Ringing only,seal_ice,24,0.8196851212346749,0.2979370253605851,0.6991910908268614,0.8088603945457725,0.5416453026183164,0,0.3,0.9767707842562204
Ringing only,seal_ice,60,0.9228257590898707,0.2475263822990995,0.748714480993106,0.8720820658652746,0.5170089163372716,0,0.3,0.9855615520683688
Ringing only,seal_ice,85,0.8825806728926515,0.26523156568783823,0.749419480166662,0.8018203143988782,0.789980313837844,0,0.3,0.9848233642278021
Ringing only,seals_cliff,11,0.6682136872584249,0.3562472057875402,0.6240421006758832,0.6849704656663657,1.2986027139561254,0,0.3,0.96413843616897
Ringing only,seals_cliff,17,0.7910123107708089,0.3297009116781611,0.6853331879491766,0.692528748526059,1.7490987070304695,0,0.3,0.9670385576287926
Ringing only,seals_cliff,24,0.7058418959483104,0.3126952066555728,0.6488345794010927,0.8410176748778887,0.7701035104087391,0,0.3,0.9790178066932931
Ringing only,seals_cliff,54,0.7848559369168038,0.31482321361035703,0.6649896544071378,0.7769834994494226,1.3524653961358393,0,0.3,0.9773376794143248
Ringing only,short_man,17,0.7870995677385979,0.2979004382455444,0.6975406267914585,0.8685722601645912,0.9138136670581697,0,0.3,0.9753863344741684
Ringing only,short_man,49,0.742887381821656,0.25817440242102024,0.7264589786813839,0.9028980214213549,0.40488838221150153,0,0.3,0.9713700662823526
Ringing only,short_man,80,0.8719015655857211,0.2296955866840492,0.7692522118069246,0.9405113521848464,0.5739389661258036,0,0.3,0.9809362767366594
Ringing only,short_man,84,0.8796358743300648,0.25124875878638203,0.7619169722589672,0.9316767923004837,0.7370803598834597,0,0.3,0.9815351953005896
Ringing only,snow_fox,12,0.7581975589617391,0.3848754750561929,0.6162978010550753,0.794588445899842,2.2168073603674965,0,0.3,0.8951352016336407
Ringing only,snow_fox,13,0.8344437877982838,0.362204212449708,0.674473668565049,0.7928087327562334,1.9301363676163847,0,0.3,0.9097391112156621
Ringing only,snow_fox,19,0.8327250391155787,0.3705190073156685,0.6301625210768885,0.8913941596484359,2.1620686019975857,0,0.3,0.9085332394164147
Ringing only,snow_fox,22,0.7757107337251357,0.33320518688463807,0.6807545929625183,0.8321049368573429,0.8991018339239011,0,0.3,0.8736947492047682
Ringing only,standing_bear,11,0.8566249458164977,0.29288066888121217,0.7033903770789038,0.9184901244098762,0.5710231532730159,0,0.3,0.9711168026913923
Ringing only,standing_bear,12,0.7437300548525376,0.3172434613079667,0.6456386453444497,0.844560270956741,0.4833368106175522,0,0.3,0.9685242855594003
Ringing only,standing_bear,18,0.7654774912542066,0.3432978204282595,0.64901487226549,0.7651935944436722,1.1672830359266728,0,0.3,0.9643188579348885
Ringing only,standing_bear,77,0.8473427565596604,0.27669122790468614,0.7393485051477089,0.7647696288122996,1.110370431130168,0,0.3,0.952289639905819
Ringing only,street_greeting,11,0.8215303656632968,0.32928070151611555,0.6467710498642745,0.6600865929110583,0.7799207143460134,0,0.3,0.9868573426926196
Ringing only,street_greeting,15,0.8271277897356575,0.34368377208016565,0.6554912372911622,0.7366098567817584,1.2060410016917276,0,0.3,0.9895759839442906
Ringing only,street_greeting,21,0.8567435685291919,0.27813738914930325,0.7251911062394969,0.80752197698834,0.6039572309859322,0,0.3,0.9845744052463153
Ringing only,street_greeting,48,0.8597368446216023,0.26871303808289076,0.7107165537290019,0.8470198458856104,0.8002607025300081,0,0.3,0.9902511588494066
Ringing only,swan_ice,10,0.8760509858977562,0.30280745350469807,0.7147261853615337,0.9333016273051399,0.581916506698559,0,0.3,0.9547270429300717
Ringing only,swan_ice,13,0.761864329937669,0.3173428246899919,0.6786893465831378,0.8779807468691498,0.501973559258307,0,0.3,0.9249773618945157
Ringing only,swan_ice,20,0.8361495818462935,0.30791429138545395,0.6737527639220273,0.896997732923866,0.6811858949386977,0,0.3,0.95407812305887
Ringing only,swan_ice,44,0.7826046039655441,0.3604172886107923,0.6147849839185202,0.8943299560827773,1.594123920675334,0,0.3,0.953183653158193
Ringing only,tiger_leaves,23,0.8625100306835022,0.2630575446999214,0.7168080164225199,0.8107782176861998,0.6467789648775365,0,0.3,0.9877120702594756
Ringing only,tiger_leaves,36,0.7948290048577367,0.2639947910355494,0.7110681204927262,0.7954440306711956,0.4265825911780512,0,0.3,0.9838618208817602
Ringing only,tiger_leaves,78,0.9107690897581886,0.21118317605107376,0.796268260421374,0.8837415557341787,0.25671239299030396,0,0.3,0.9834481886240256
Ringing only,tiger_leaves,86,0.9134220631135388,0.20980996948351005,0.7860538267471451,0.8452756631244382,0.3407240232548302,0,0.3,0.9866973174068853
Ringing only,tourist_shore,12,0.799352099426739,0.36563351988238474,0.6357236187162036,0.8174999245689996,1.3867295858554873,0,0.3,0.9667837793076097
Ringing only,tourist_shore,30,0.8568664131382489,0.3041744972878069,0.7007056576105782,0.9000896712494583,1.5609402025127292,0,0.3,0.9648049084297798
Ringing only,tourist_shore,73,0.8883188350109131,0.2554502307983599,0.7536514184551991,0.9359192210437819,0.9802706391692778,0,0.3,0.9633201389327927
Ringing only,tourist_shore,82,0.8752245307605145,0.3168015870878639,0.6718327784513527,0.8561298226201544,1.519756437610488,0,0.3,0.9734814554828244
Ringing only,traffic_santa,10,0.783946893654383,0.3234861344703947,0.678558746552813,0.8395345929597787,1.224368483820548,0,0.3,0.9690725589475888
Ringing only,traffic_santa,14,0.6665249972837556,0.3598779287992369,0.6526012215222805,0.7813038708078636,1.505461558634045,0,0.3,0.9589931471070693
Ringing only,traffic_santa,16,0.7468739910915376,0.3371194000753729,0.6568690850268967,0.8053897924230282,0.8990331391226123,0,0.3,0.9612035998661135
Ringing only,traffic_santa,23,0.7736151322442543,0.3155616335851236,0.6875953629469734,0.8337795112418888,0.9528226519213068,0,0.3,0.967478925155602
Ringing only,two_bears,10,0.8383389229395141,0.27419838387059264,0.7193603037320596,0.8882956885794496,0.35198926083600696,0,0.3,0.9847867041374783
Ringing only,two_bears,20,0.8827087470024552,0.24841653925105064,0.7405848760179052,0.8412996775972142,0.32556275862228345,0,0.3,0.9882723592718787
Ringing only,two_bears,28,0.801881584240171,0.24545243319767968,0.730419393796103,0.915254504034603,0.308092840657335,0,0.3,0.9822623406623596
Ringing only,two_bears,72,0.9002167452795716,0.20878446542738432,0.7892120117007507,0.9052728739215203,0.2082373922773867,0,0.3,0.9877645740837606
Ringing only,walking_bear,12,0.7956160188057027,0.26713434617314213,0.7234110693578109,0.9189840189071485,0.3596999215126601,0,0.3,0.9569303499332958
Ringing only,walking_bear,22,0.7005137498647758,0.26413898229184113,0.7104515368731703,0.8296399886704531,0.33485280902489234,0,0.3,0.9699332387396461
Ringing only,walking_bear,23,0.7252730555531427,0.2666420136899856,0.7294151857792514,0.8523661066995976,0.5395313670291679,0,0.3,0.9642389293334207
Ringing only,walking_bear,39,0.729307320213547,0.2593857717165433,0.7255990770238429,0.7907049680994702,0.3545467588395338,0,0.3,0.9697300106981304
Ringing only,wet_bear,10,0.8250778013159559,0.35418977507741345,0.6504763981800201,0.738441634425682,2.3328749523152323,0,0.3,0.9800698978687943
Ringing only,wet_bear,43,0.8686941284720435,0.30863517127191503,0.6970409671830594,0.8746821672351833,2.014103575305663,0,0.3,0.9773183716025676
Ringing only,wet_bear,47,0.8526555332708133,0.3403539620384341,0.6445431426661564,0.8695556091509505,2.2199172288859894,0,0.3,0.9806490301567419
Ringing only,wet_bear,72,0.9110142317087176,0.27246237830161657,0.7508565852418421,0.9083652207198907,1.4209884500333487,0,0.3,0.9779229454986327
Ringing only,white_hat,12,0.8635168351996653,0.3666820415041692,0.6156275441605008,0.7371595653335816,1.0642378928447118,0,0.3,0.9624808941914945
Ringing only,white_hat,19,0.9156156914862327,0.2881452530171485,0.7498838550642659,0.8707341814865358,0.9312684794674081,0,0.3,0.970907168782581
Ringing only,white_hat,27,0.830709937940443,0.341004063533413,0.6392237176753266,0.7924658360707276,1.0922438446660532,0,0.3,0.9599990713285381
Ringing only,white_hat,79,0.8989481635719873,0.24989831276244268,0.7618439138824289,0.8968010635986996,0.6347426692134529,0,0.3,0.9675347582762958
Ringing only,young_cowboy,11,0.8011194052441166,0.28032912909750685,0.7186358604061494,0.8758515614237186,0.34811835104517913,0,0.3,0.9893514896050283
Ringing only,young_cowboy,18,0.8605599045733803,0.23923446757846173,0.7549801825662603,0.952058315961589,0.2734940316660377,0,0.3,0.9909933466417109
Ringing only,young_cowboy,19,0.8208064470958261,0.26544772091412006,0.7217319510776213,0.891608877765617,0.29396362685906297,0,0.3,0.9893065725302634
Ringing only,young_cowboy,68,0.857680315412548,0.2602832416446838,0.7262953379399691,0.9365701549111161,0.37703815730267926,0,0.3,0.9923007008615334
Blockiness + DCT,arab_mountain,18,0.8882987508893597,0.2749667858393679,0.7164524092026346,0.7702834531599098,0.34726896446721506,0,0.3,0.9940145173785487
Blockiness + DCT,arab_mountain,38,0.9194027613668282,0.23846115312358437,0.7544807120856121,0.7802181350656595,0.27302783097353334,0,0.3,0.9961245965206299
Blockiness + DCT,arab_mountain,47,0.8619445647487753,0.22734897940071386,0.7732601823961623,0.831419918339815,0.22251495629583698,0,0.3,0.9915586143464445
Blockiness + DCT,arab_mountain,64,0.8900219356101022,0.23958839156415046,0.7493722733440767,0.8240228785707571,0.2504383627884835,0,0.3,0.993511798781342
Blockiness + DCT,bear_fish,19,0.8352298855548015,0.3080866676536203,0.6838258141294332,0.73856268911767,0.783550748046912,0,0.3,0.9886101745341255
Blockiness + DCT,bear_fish,25,0.8851405347908993,0.2585018313992511,0.7238658438338602,0.8550801434116623,0.36381274707488676,0,0.3,0.9880024727111605
Blockiness + DCT,bear_fish,32,0.9258715272622885,0.2592742552045488,0.7370571277126834,0.9024418576915411,0.41747594581039665,0,0.3,0.9903212687410293
Blockiness + DCT,bear_fish,64,0.8288100419004234,0.29091426457165814,0.696874619093236,0.7824477930225708,0.4741392950580786,0,0.3,0.9878683500348864
Blockiness + DCT,bird_bushes,18,0.8804149235605114,0.26056411067093815,0.7301576749976576,0.9102413681824115,0.3405496929914254,0,0.3,0.9894641658213144
Blockiness + DCT,bird_bushes,21,0.8995451634128189,0.24651420450815906,0.7576968610516447,0.8348934870473791,0.2901722974090352,0,0.3,0.9860024606481109
Blockiness + DCT,bird_bushes,42,0.8909854140155264,0.2296680905847438,0.757736203387608,0.9037101964216137,0.24275213212642865,0,0.3,0.9897320571470202
Blockiness + DCT,bird_bushes,64,0.82703491251365,0.2703415213203857,0.7222880110556001,0.8623200575998615,0.3497476366170548,0,0.3,0.9866943427123427
Blockiness + DCT,cat_fence,10,0.8283539787932915,0.31716622269282696,0.6817386188007659,0.825311185711935,0.5244964035119918,0,0.3,0.9801735008777703
Blockiness + DCT,cat_fence,11,0.8704034244261389,0.2632332492965225,0.7283589122715655,0.8996628581132381,0.4002680089189861,0,0.3,0.9807685776502632
Blockiness + DCT,cat_fence,72,0.8810485540408285,0.25891910372516674,0.7305931026988811,0.8857843491236578,0.32854929119956294,0,0.3,0.9894012942145458
Blockiness + DCT,cat_fence,87,0.9254838201175559,0.22327088633432415,0.7813271361324335,0.9329210496909999,0.24640733830799616,0,0.3,0.9886585480827602
Blockiness + DCT,climber_mountains,10,0.7470046120030652,0.29418465647571324,0.6929140800078433,0.8243071207756207,0.5507812792799153,0,0.3,0.9556366370551981
Blockiness + DCT,climber_mountains,11,0.7508286870714577,0.29165658088918256,0.6963758574323131,0.8041311666287204,0.37438216953807396,0,0.3,0.9483790331478994
Blockiness + DCT,climber_mountains,26,0.7650121980372765,0.2777308015864205,0.7187795201534541,0.8456701525414314,0.3988924678136172,0,0.3,0.9632617287088415
Blockiness + DCT,climber_mountains,34,0.8138323080888884,0.2587278675071862,0.7267006373335203,0.9069570241705472,0.38290313107729657,0,0.3,0.9780192142239904
Blockiness + DCT,climber_sunglasses,11,0.7300026297803668,0.2854500305266953,0.6797106476159512,0.8371067884300363,0.3522136904227258,0,0.3,0.986386103440894
Blockiness + DCT,climber_sunglasses,21,0.8755053169616465,0.21141654710636387,0.7663655068604679,0.9213842790154207,0.1820605137595765,0,0.3,0.987473177285451
Blockiness + DCT,climber_sunglasses,35,0.775809180629926,0.28661186890677526,0.6921021065021558,0.7819573168775743,0.34885874957060853,0,0.3,0.9889493801595475
Blockiness + DCT,climber_sunglasses,47,0.8708604708700133,0.25051588880463516,0.7267133161191783,0.8902798963616626,0.2773447863569419,0,0.3,0.9948953944929199
Blockiness + DCT,cycler_hill,11,0.8247343853867855,0.24451677696511837,0.7537161286167737,0.8972431478281164,0.26175028276800577,0,0.3,0.9649588975021722
Blockiness + DCT,cycler_hill,24,0.7325196167380121,0.27481933697264443,0.7198762622760843,0.8652743324001393,0.3433936798735115,0,0.3,0.966996639065129
Blockiness + DCT,cycler_hill,60,0.8127574194660441,0.27294668111213394,0.7155410572845732,0.8766475663447929,0.40050818735285093,0,0.3,0.9810208398987567
Blockiness + DCT,cycler_hill,71,0.8229436476089926,0.2447909679833781,0.7538322552250202,0.871697449205774,0.2893960844443393,0,0.3,0.9740403937248696
Blockiness + DCT,cycler_ice,14,0.6061475789694505,0.3062376569705855,0.6709728703743113,0.7839894458084304,0.6208641929077974,0,0.3,0.9417033314394083
Blockiness + DCT,cycler_ice,15,0.7218028514582251,0.2724123640603105,0.7207521699611869,0.8306907958521604,0.5560821622660159,0,0.3,0.9510677007068294
Blockiness + DCT,cycler_ice,30,0.5025801602238843,0.32704383598811193,0.6364471652685,0.716605874958264,0.6517940971625403,0,0.3,0.9578164190124479
Blockiness + DCT,cycler_ice,40,0.6259667752142439,0.2569921331618819,0.7220109711499992,0.8015844569503474,0.3448948831838309,0,0.3,0.9392035970885737
Blockiness + DCT,dog,29,0.6965524050136257,0.2668345691972554,0.7060605371615164,0.7838118272933496,0.3171448837441597,0,0.3,0.9739605263335129
Blockiness + DCT,dog,33,0.8493233711042768,0.2557536917551663,0.7297545000869119,0.824065918797125,0.3224972880745538,0,0.3,0.984773293066473
Blockiness + DCT,dog,67,0.797620023760164,0.24508359095129245,0.7422796449507393,0.8792041876188211,0.2681563939984772,0,0.3,0.9821405539509369
Blockiness + DCT,dog,90,0.8559637869997268,0.21728590174389142,0.7800064632859119,0.8728671995023668,0.23100822211574845,0,0.3,0.9784690710133574
Blockiness + DCT,dog_walker,22,0.8760531590801687,0.2349323776548995,0.7665079772549237,0.8694064576007845,0.23520014673720113,0,0.3,0.9874631550917761
Blockiness + DCT,dog_walker,27,0.768420958323666,0.27267241914954554,0.7051160494728502,0.8551410705614632,0.3464542526970144,0,0.3,0.9882082166751415
Blockiness + DCT,dog_walker,77,0.7511774175370302,0.25818691535133653,0.7367233121039467,0.8741732169226952,0.33141957192894195,0,0.3,0.9854889179852256
Blockiness + DCT,dog_walker,87,0.9010901805010836,0.2192050522720124,0.7892790742583986,0.935730857616031,0.20740577661030718,0,0.3,0.9882889004014228
Blockiness + DCT,fence_guard,11,0.843785983558453,0.24083165581297425,0.7519941313337493,0.8637606269005795,0.25950175430170064,0,0.3,0.9704520313866363
Blockiness + DCT,fence_guard,15,0.8222072270439083,0.2914604475208925,0.6933072713382089,0.8357127101765001,0.5056986887615743,0,0.3,0.9773238267625042
Blockiness + DCT,fence_guard,24,0.7855305496146158,0.2764055312327766,0.7105335645865624,0.7753923175758758,0.32290835868491224,0,0.3,0.9667900627279916
Blockiness + DCT,fence_guard,50,0.8400604225087808,0.26610832393185313,0.7178605008083874,0.8510959349306798,0.36541901369175356,0,0.3,0.9803252932474003
Blockiness + DCT,girl_boat,13,0.8709665943031406,0.32999149538059014,0.6428428983610545,0.8734236539026694,0.4477809333514915,0,0.3,0.9797465163654189
Blockiness + DCT,girl_boat,31,0.9246095137171042,0.25892795396326207,0.7444813501214299,0.8739257799329269,0.34655344540568717,0,0.3,0.9894149738972405
Blockiness + DCT,girl_boat,66,0.9237760907878942,0.2394607213037842,0.7643637875041739,0.9177426573423605,0.3267895375920263,0,0.3,0.9870121239874962
Blockiness + DCT,girl_boat,86,0.8848825348567823,0.2469321807771294,0.7378869549599815,0.8428703163795747,0.3005087597643503,0,0.3,0.9832897803446281
Blockiness + DCT,girl_car,12,0.6897283056735033,0.3133282090972012,0.684316503042223,0.7958364173538367,0.9974741342555319,0,0.3,0.9541138537313787
Blockiness + DCT,girl_car,22,0.7577595139265572,0.2775704308939346,0.70783403318827,0.8483835743103301,0.47805371117944556,0,0.3,0.9648360762738477
Blockiness + DCT,girl_car,27,0.6724178689562507,0.31686146517829067,0.6778512350374516,0.7881936597172511,0.7219560890904558,0,0.3,0.9606630387123245
Blockiness + DCT,girl_car,63,0.7543097162298763,0.23218398801231907,0.7593242125544027,0.8313562225438154,0.25517305366504933,0,0.3,0.9440291815268572
Blockiness + DCT,goalkeeper_boy,10,0.8906033101050135,0.28483347601302467,0.7148705099260121,0.8729150761963013,0.6214138932981372,0,0.3,0.988435861712872
Blockiness + DCT,goalkeeper_boy,16,0.8530829939665209,0.30869339635645016,0.6928783338583342,0.8273369267001888,0.8761994666617197,0,0.3,0.9878289480296794
Blockiness + DCT,goalkeeper_boy,20,0.8810472835572142,0.2779169224706666,0.7169358358001133,0.8470180108400449,0.5137490690298498,0,0.3,0.9871662260324346
Blockiness + DCT,goalkeeper_boy,62,0.8527163937422505,0.2577597459101844,0.7293002253322577,0.9211232834504988,0.39413446137452995,0,0.3,0.9859725547884252
Blockiness + DCT,head_statue,14,0.707366463967098,0.3269814504906816,0.6489441208903356,0.7834662676233427,0.6492922427290096,0,0.3,0.9594526341980181
Blockiness + DCT,head_statue,22,0.7696977151297542,0.32476540821602984,0.6803823959704036,0.8036599826662619,1.0553137811535975,0,0.3,0.9699123367409004
Blockiness + DCT,head_statue,32,0.8065798052921284,0.34276581059405886,0.6333062155757715,0.765484708957076,1.3700933715914727,0,0.3,0.9851677228842316
Blockiness + DCT,head_statue,85,0.7612181250352155,0.30715048870972694,0.689034138296738,0.8243117083121348,0.6447142032225507,0,0.3,0.974310339548135
Blockiness + DCT,hunter_boy,10,0.8733500174956917,0.3033948494782662,0.712665055619012,0.788164354152407,0.4381116944919658,0,0.3,0.9872552524204985
Blockiness + DCT,hunter_boy,16,0.8374741299309479,0.31056016769415334,0.6639672564565228,0.7862175833628811,0.4457748322643121,0,0.3,0.994532635687318
Blockiness + DCT,hunter_boy,21,0.8989296213687998,0.3150943135183684,0.692388158642421,0.8038878681428462,0.47814119003689204,0,0.3,0.9941200851902505
Blockiness + DCT,hunter_boy,44,0.8891045178365523,0.29670643408467384,0.6924701514009443,0.766062583701806,0.3528303761925505,0,0.3,0.9882850827183043
Blockiness + DCT,kid_bucket,10,0.8916839796284621,0.2956244026750081,0.7091604899997879,0.800387617957379,0.5069115984211742,0,0.3,0.9801811585520445
Blockiness + DCT,kid_bucket,22,0.9150837332182399,0.2828762384856094,0.735790441667163,0.8102123143774973,0.39017505019288296,0,0.3,0.9869226738277601
Blockiness + DCT,kid_bucket,30,0.9109854788406193,0.2779649893182575,0.7272608502074904,0.7461837735687389,0.41108768108253935,0,0.3,0.9865869833481884
Blockiness + DCT,kid_bucket,32,0.9298079162135605,0.2388365855651443,0.7636052463523767,0.8606513927090272,0.2606367551023947,0,0.3,0.9866635632711024
Blockiness + DCT,kid_rubble,14,0.7792136793402724,0.2920411802347545,0.6732842367599272,0.7676003860825705,0.399172078752832,0,0.3,0.9678498380150927
Blockiness + DCT,kid_rubble,19,0.7739545593618937,0.30437157759595856,0.6806801601425448,0.7203739212390701,0.5957382472506604,0,0.3,0.9775071577825111
Blockiness + DCT,kid_rubble,63,0.8404111902856766,0.27309101625311055,0.7216600214940623,0.8583540045197999,0.4080819097288785,0,0.3,0.9818309710673264
Blockiness + DCT,kid_rubble,71,0.850141309492887,0.22974984752295285,0.7570962285247351,0.8884159600222037,0.23666239890003773,0,0.3,0.9718995653273689
Blockiness + DCT,laughing_bear,10,0.8052271498261612,0.2692580907894654,0.7106092542975228,0.8979288938815096,0.32563723736848155,0,0.3,0.9939319775124278
Blockiness + DCT,laughing_bear,11,0.8892003623884783,0.24198002362715745,0.7478745489983261,0.8638070986242464,0.2754481761614394,0,0.3,0.9922274318544639
Blockiness + DCT,laughing_bear,16,0.7492064493245769,0.28336510112672547,0.6924739586772803,0.8480985401475356,0.37006084405422646,0,0.3,0.9914331693456588
Blockiness + DCT,laughing_bear,24,0.8839504565822599,0.22394685487926932,0.7691328989807018,0.9166486170638559,0.2381918312892281,0,0.3,0.9931619423205259
Blockiness + DCT,man_desert,10,0.9209396768388061,0.27445551933697293,0.7448188753613039,0.7997315713301715,0.40306181946461606,0,0.3,0.9790050489360516
Blockiness + DCT,man_desert,11,0.86088457234125,0.317038248870814,0.6927035588354493,0.812113310326585,0.5601499780145854,0,0.3,0.978556010678342
Blockiness + DCT,man_desert,16,0.8993029158443052,0.3194592702993638,0.6871370018380321,0.7298079100622329,0.6153695899217031,0,0.3,0.9868727517143386
Blockiness + DCT,man_desert,19,0.841831707834669,0.3328139019167276,0.6623858449584191,0.7729033736467577,0.5493173466005636,0,0.3,0.9877843813671043
Blockiness + DCT,man_door,10,0.8729882938646125,0.2884010026692802,0.7146599306087256,0.782651787228533,0.4980348801717153,0,0.3,0.9723792506071421
Blockiness + DCT,man_door,12,0.6907269431640706,0.3623054278372873,0.5910485404358483,0.7985521336092545,0.6712830255120878,0,0.3,0.9852458876533677
Blockiness + DCT,man_door,16,0.8983514801697632,0.2860182698408191,0.7247467412673146,0.8409326922365064,0.36871597871357953,0,0.3,0.9787756751611556
Blockiness + DCT,man_door,22,0.862159588884326,0.2529399968726569,0.7304440395913769,0.8831974365790938,0.2777639806058767,0,0.3,0.9851071132799359
Blockiness + DCT,man_weaving,10,0.7861407353973588,0.27318315263129667,0.6981377535058284,0.7747689105592006,0.32726720385811997,0,0.3,0.9743556300237322
Blockiness + DCT,man_weaving,26,0.7821017383123241,0.2464611434395196,0.7333700432273846,0.79903761519251,0.2941438587830732,0,0.3,0.9816821019860836
Blockiness + DCT,man_weaving,80,0.823447135661094,0.21021876006609325,0.78786000543285,0.8903432850981623,0.19435713094075482,0,0.3,0.9736390863763954
Blockiness + DCT,man_weaving,87,0.7964768832885643,0.22105956027851106,0.7626979257288601,0.8837578746516289,0.21843246518226492,0,0.3,0.9782558016567412
Blockiness + DCT,monk,11,0.9371417849966774,0.24855543760548787,0.7740804207972807,0.8927096762797863,0.4399239746783973,0,0.3,0.977712783256658
Blockiness + DCT,monk,18,0.8712210581685855,0.29327730857811957,0.7200246680631458,0.8815919996050634,0.5885988394670923,0,0.3,0.974364622685951
Blockiness + DCT,monk,20,0.8538958210931195,0.2801724677815543,0.7240840818953087,0.8564155037774758,0.38636009263017423,0,0.3,0.9673177053541631
Blockiness + DCT,monk,61,0.7876870324693417,0.31385975381358083,0.6702892697388914,0.7397587524559975,0.4657633203551615,0,0.3,0.9594679727275286
Blockiness + DCT,mountain_chateau,11,0.9142064491022459,0.24216483695007954,0.7657241113138508,0.9521252624773147,0.3407928927702922,0,0.3,0.982979214176423
Blockiness + DCT,mountain_chateau,42,0.8773572412009537,0.23606644385512568,0.7457087718008641,0.955243203579784,0.27057897866344766,0,0.3,0.9889405113531984
Blockiness + DCT,mountain_chateau,43,0.8561840249511491,0.262929258526706,0.7306734940888913,0.8894220155525675,0.36197640603654724,0,0.3,0.9864305141501234
Blockiness + DCT,mountain_chateau,68,0.8672553110209262,0.23866860252398442,0.7515490656672466,0.9307128045372994,0.29090108904362444,0,0.3,0.987662594907528
Blockiness + DCT,satellite,11,0.8258016757937682,0.2759913518511453,0.7169501058735763,0.8404467739973994,0.36427347537796323,0,0.3,0.9822052310278553
Blockiness + DCT,satellite,13,0.7849950533514551,0.23896563345824887,0.7386220426295275,0.891843739172928,0.2480682704728335,0,0.3,0.9775190240469332
Blockiness + DCT,satellite,17,0.8563481519357614,0.2483648195650038,0.7403092163491359,0.8964550209613057,0.3076450684458356,0,0.3,0.9814031741396195
Blockiness + DCT,satellite,82,0.7750775157130975,0.22058183683696553,0.7644182856203217,0.8407908976997898,0.2316951952547152,0,0.3,0.9682282627499297
Blockiness + DCT,seal_ice,11,0.8632107850448902,0.29961709419227517,0.7088791714631739,0.8538089372386024,0.4725314770344894,0,0.3,0.9825932004176389
Blockiness + DCT,seal_ice,24,0.827265353818351,0.2873397792734894,0.7066621189618293,0.8185043952745131,0.36722968667223654,0,0.3,0.9828037963089693
Blockiness + DCT,seal_ice,60,0.9270964514019312,0.2345921091131803,0.7572212754615607,0.8807908128506843,0.2625770210396672,0,0.3,0.9889857649164603
Blockiness + DCT,seal_ice,85,0.8856968487023651,0.2569517618445075,0.7532271263473818,0.8037895302937038,0.37473404014554157,0,0.3,0.9871277245644023
Blockiness + DCT,seals_cliff,11,0.6736581597885205,0.3493113039624283,0.6300130102832987,0.6887039672575701,1.0012253540995812,0,0.3,0.9700444590972163
Blockiness + DCT,seals_cliff,17,0.7949550267964224,0.3250698019489175,0.6892190642701227,0.6953475451989053,1.2549492539777218,0,0.3,0.9724080787541272
Blockiness + DCT,seals_cliff,24,0.7097955035735527,0.30426181532776514,0.6556033353171112,0.8450141273789781,0.5270660070859233,0,0.3,0.9825531942267616
Blockiness + DCT,seals_cliff,54,0.7876257543958293,0.3041430868747946,0.6703388658609627,0.7811860122586971,0.5858843814586697,0,0.3,0.9809517583091046
Blockiness + DCT,short_man,17,0.793196701832008,0.2876707815320019,0.7031608936829722,0.8708737634824331,0.48024688883219724,0,0.3,0.9805723439668325
Blockiness + DCT,short_man,49,0.7473447787307302,0.2538710402676676,0.7290389710137807,0.904241828115775,0.28570190087098235,0,0.3,0.9755540695347782
Blockiness + DCT,short_man,80,0.8745430132671712,0.22129397315431845,0.7724689638370251,0.9419076302918019,0.26394501850939456,0,0.3,0.9821529950640465
Blockiness + DCT,short_man,84,0.8829130289487378,0.24342968011512175,0.7622156528851427,0.9369095283089909,0.3349158290459669,0,0.3,0.9823435696909544
Blockiness + DCT,snow_fox,12,0.8550597910805035,0.32135495727811314,0.681279391294381,0.8192060779222174,1.2451579822713288,0,0.3,0.9851172397114027
Blockiness + DCT,snow_fox,13,0.9162974932746428,0.31419857653914307,0.7298221740911167,0.8093264814634148,1.3046061080911882,0,0.3,0.9871859086806163
Blockiness + DCT,snow_fox,19,0.9017871787789333,0.2990588877116286,0.6999286664463521,0.884977855095719,1.0037900160417854,0,0.3,0.9896242434824989
Blockiness + DCT,snow_fox,22,0.8925177020640316,0.2745051365620867,0.7519148777961969,0.8438440226938033,0.5380907153783148,0,0.3,0.984018005402924
Blockiness + DCT,standing_bear,11,0.8675031864420812,0.274611992463281,0.7182218778900376,0.9280952910736048,0.32025361906346794,0,0.3,0.9809242796164703
Blockiness + DCT,standing_bear,12,0.7542966754921672,0.306612736560618,0.6572638224849456,0.8544740890711113,0.38854404221494315,0,0.3,0.979376912315681
Blockiness + DCT,standing_bear,18,0.7837750162199812,0.3162452745700025,0.6710332107894026,0.7781914001404815,0.4902666300430325,0,0.3,0.9784056195400107
Blockiness + DCT,standing_bear,77,0.8646409800194835,0.2486327916820643,0.7578879223008433,0.7779038668515004,0.3527555694725815,0,0.3,0.9694640281813439
Blockiness + DCT,street_greeting,11,0.8233012651320537,0.3249139052267306,0.6502533311830304,0.6644075614513847,0.5975751248292283,0,0.3,0.9878467902160317
Blockiness + DCT,street_greeting,15,0.8291909985248974,0.33695327306406425,0.6587550599586102,0.7470860125370978,0.7374587064150094,0,0.3,0.9905996907851063
Blockiness + DCT,street_greeting,21,0.8584665944822958,0.2715548396717408,0.727281831986077,0.8114282861004083,0.3536306654105439,0,0.3,0.986554745551162
Blockiness + DCT,street_greeting,48,0.8610235926892904,0.2548357085136553,0.7158268566075427,0.846021143903472,0.3210971578935193,0,0.3,0.9916039025277992
Blockiness + DCT,swan_ice,10,0.8977768910054369,0.28427041882965215,0.7323861304764528,0.9400754826777772,0.37477416236146444,0,0.3,0.9751485939182822
Blockiness + DCT,swan_ice,13,0.7911711970591736,0.30142777244699587,0.6979350593646974,0.88284739592154,0.3836280499139037,0,0.3,0.9603259136262081
Blockiness + DCT,swan_ice,20,0.8613731585264358,0.27795065287157034,0.7050592725795564,0.9036638832440061,0.3622427628535271,0,0.3,0.9799080033250814
Blockiness + DCT,swan_ice,44,0.8079014103052509,0.31319218735126325,0.6549611159148216,0.9031678642715861,0.5311396053394088,0,0.3,0.9816866155664432
Blockiness + DCT,tiger_leaves,23,0.8593128006346556,0.2624284693523278,0.7150123790953912,0.8083704206228847,0.4418051525681777,0,0.3,0.9874559239800069
Blockiness + DCT,tiger_leaves,36,0.7906913862421109,0.26320367793123056,0.7105238686706802,0.7916213449695153,0.32721765162164307,0,0.3,0.983236324223981
Blockiness + DCT,tiger_leaves,78,0.9097446950941617,0.21193059752150356,0.7961326587089825,0.8840581082028831,0.19957994454215336,0,0.3,0.9810377267272787
Blockiness + DCT,tiger_leaves,86,0.9140434442187073,0.20869682655061564,0.7860123166945454,0.8514956554826812,0.22006448157379913,0,0.3,0.9840939805463086
Blockiness + DCT,tourist_shore,12,0.80918160304908,0.35401581536086457,0.6451612057211689,0.8113973268077607,0.9285423598598318,0,0.3,0.9791337067411723
Blockiness + DCT,tourist_shore,30,0.8717296957297976,0.2807814273448301,0.7180649936135801,0.8969380462751485,0.7783701856296404,0,0.3,0.980091601583585
Blockiness + DCT,tourist_shore,73,0.8976693142131962,0.23203108811487835,0.7669290093643011,0.9346194193122397,0.315764509210213,0,0.3,0.9791385205084754
Blockiness + DCT,tourist_shore,82,0.8827542974498706,0.2822423964392686,0.6960746440076121,0.8529706364008297,0.46510217629367034,0,0.3,0.9852820297650359
Blockiness + DCT,traffic_santa,10,0.7880789927845114,0.31619654175212664,0.6840005671218222,0.8418969881975923,0.9467293961675801,0,0.3,0.9724273521850145
Blockiness + DCT,traffic_santa,14,0.6741977323813788,0.34791881263464797,0.6607053314160554,0.7816391357080955,0.9912876405013737,0,0.3,0.9634604446119002
Blockiness + DCT,traffic_santa,16,0.7525015701363708,0.32810076081587436,0.6631858632994808,0.8075593032568733,0.6424579510496078,0,0.3,0.966003537519901
Blockiness + DCT,traffic_santa,23,0.7769948413511131,0.3029549371951413,0.695371723916346,0.8324114906911277,0.5440573927547608,0,0.3,0.9721610834519235
Blockiness + DCT,two_bears,10,0.836539360303513,0.27433441931007846,0.718560675217971,0.8825590547801513,0.32645248688001527,0,0.3,0.9827085796024534
Blockiness + DCT,two_bears,20,0.8824467580090578,0.2504626437868682,0.7381896016225852,0.8373169095873546,0.2896410464375302,0,0.3,0.9881109547029572
Blockiness + DCT,two_bears,28,0.802668591328039,0.2456041013691478,0.7293997989703718,0.9131154784202513,0.2516943198837117,0,0.3,0.982009285176895
Blockiness + DCT,two_bears,72,0.8996344078300167,0.21221990358796197,0.7865210318807098,0.9020219547122387,0.21167107076673167,0,0.3,0.9865762632367621
Blockiness + DCT,walking_bear,12,0.8045978808587598,0.26204681368702315,0.7289390304858779,0.9230436536467908,0.2990078199684279,0,0.3,0.9671634749266885
Blockiness + DCT,walking_bear,22,0.7152803829023631,0.2540769310620906,0.7193816684186378,0.8470544793832172,0.2859623549589664,0,0.3,0.9780480320278486
Blockiness + DCT,walking_bear,23,0.7386370974022707,0.2556637836196209,0.7371975632411393,0.8592557358065855,0.2998116385854349,0,0.3,0.9729970960223793
Blockiness + DCT,walking_bear,39,0.7449548633609838,0.2467456755339627,0.7350933999558806,0.8045842971257547,0.27167137998873464,0,0.3,0.9771791439279206
Blockiness + DCT,wet_bear,10,0.8265207182073792,0.3468329524196196,0.6540708751563924,0.7448892839443868,1.6846090502529718,0,0.3,0.9822535439132946
Blockiness + DCT,wet_bear,43,0.8676029565764133,0.2986454793799543,0.7011601766863371,0.88238817127856,1.1781550102661809,0,0.3,0.979066392973773
Blockiness + DCT,wet_bear,47,0.8532653088850688,0.32965672600187323,0.6492988922881279,0.8856979531545198,1.2205252318852386,0,0.3,0.9817761580466717
Blockiness + DCT,wet_bear,72,0.9106076724156704,0.2605562239189299,0.7542553318913383,0.9159047350113315,0.5468401455738395,0,0.3,0.9788556426028877
Blockiness + DCT,white_hat,12,0.8697455777009949,0.3588466125859274,0.6213990356188418,0.7382900939811431,0.8143045867965375,0,0.3,0.9681095609183303
Blockiness + DCT,white_hat,19,0.9222362558505522,0.27520955907058553,0.7595230567269557,0.8712394341228249,0.6066569095805997,0,0.3,0.9774614289502136
Blockiness + DCT,white_hat,27,0.8394023618578614,0.33158433724482855,0.6466066755772112,0.7913078474133666,0.7422234071134668,0,0.3,0.9687457827801716
Blockiness + DCT,white_hat,79,0.9063430393385801,0.23170912324122345,0.7754650177897848,0.8964413746248392,0.2654987094497817,0,0.3,0.976848346864229
Blockiness + DCT,young_cowboy,11,0.7973963207386335,0.28593515598902397,0.7143349586361297,0.8703526708448103,0.3782684276076826,0,0.3,0.9881254223318224
Blockiness + DCT,young_cowboy,18,0.8589935915741735,0.24022976379091568,0.7540602795932116,0.9504000001975024,0.24812023296282773,0,0.3,0.9897905083150479
Blockiness + DCT,young_cowboy,19,0.8180149753706115,0.268978243723805,0.7191759534912686,0.8879345250313654,0.3103908547861067,0,0.3,0.9877804914433842
Blockiness + DCT,young_cowboy,68,0.8546440064864993,0.2624702351611078,0.7234750557966987,0.9338440315129404,0.29558691410188825,0,0.3,0.9902257807492604
Blockiness + Ringing,arab_mountain,18,0.8890593947123859,0.2739190802203758,0.7179351855189019,0.7729050849410831,0.3457693676919993,0,0.3,0.9924924875731707
Blockiness + Ringing,arab_mountain,38,0.9189829664899645,0.23972883623963254,0.7535690779299128,0.7854927622122683,0.2827600986789518,0,0.3,0.9945089499524573
Blockiness + Ringing,arab_mountain,47,0.8608864539420965,0.22937338659556367,0.7710680148013551,0.8349924753030916,0.22736855380798002,0,0.3,0.9880614690826465
Blockiness + Ringing,arab_mountain,64,0.8893045627243252,0.24105582983411,0.7490970871996805,0.8239971226453412,0.2553727832639543,0,0.3,0.9908920955707954
Blockiness + Ringing,bear_fish,19,0.8328866019486404,0.30541841446025525,0.6835600921182979,0.7391051334113096,0.8415301344872108,0,0.3,0.9877237352037883
Blockiness + Ringing,bear_fish,25,0.8837306202363435,0.25665383160115196,0.7238604535740399,0.8581059298784414,0.3759512129538755,0,0.3,0.9868856968708115
Blockiness + Ringing,bear_fish,32,0.9238378480016832,0.25707428065688354,0.7369688796780537,0.901264487428402,0.43876148952915484,0,0.3,0.9894298621337767
Blockiness + Ringing,bear_fish,64,0.8267872142983501,0.28914050221205156,0.695805897132662,0.7855849789010807,0.4903202215392851,0,0.3,0.9867139020593565
Blockiness + Ringing,bird_bushes,18,0.8800268327889379,0.25668710139893247,0.7325652731922412,0.9080568693455872,0.31321468901488886,0,0.3,0.988599401525939
Blockiness + Ringing,bird_bushes,21,0.9012455307166498,0.2414772169669473,0.7617574610770326,0.839153865981429,0.26328423834936543,0,0.3,0.9848080447991604
Blockiness + Ringing,bird_bushes,42,0.8904758122010344,0.22736769895954312,0.7589567180398641,0.9027684019424841,0.2319480153706897,0,0.3,0.9888728328389343
Blockiness + Ringing,bird_bushes,64,0.8262617264157244,0.2669753501128246,0.7230216987786333,0.8577421296257074,0.32790344988882775,0,0.3,0.9853564235047318
Blockiness + Ringing,cat_fence,10,0.8301886779598957,0.3151116068824058,0.6845182214082394,0.8236180024590452,0.5854242026284072,0,0.3,0.9823835821568363
Blockiness + Ringing,cat_fence,11,0.8728484083410476,0.25924610004392346,0.7328686028967256,0.9034201134052403,0.43744733548158465,0,0.3,0.9817849398936085
Blockiness + Ringing,cat_fence,72,0.8775471261612069,0.26580489537135304,0.7249936821792369,0.8856134155714204,0.4013365848161663,0,0.3,0.9854870701129178
Blockiness + Ringing,cat_fence,87,0.9214319355730274,0.23290934118100473,0.7745017741154172,0.9307788877291865,0.3373146159160652,0,0.3,0.9841511857178189
Blockiness + Ringing,climber_mountains,10,0.7463175349355323,0.2909637872179931,0.6968662252232166,0.8261058167515176,0.5638436457761045,0,0.3,0.9540172052231447
Blockiness + Ringing,climber_mountains,11,0.7535570520208313,0.2882738558462578,0.7005831036882685,0.8072969658320379,0.36634483422579067,0,0.3,0.9452020490247033
Blockiness + Ringing,climber_mountains,26,0.7644316806261785,0.27554940560220204,0.7189635944352715,0.8457755351790555,0.41015691239596413,0,0.3,0.9579732431531177
Blockiness + Ringing,climber_mountains,34,0.8117593767530312,0.25746781289074294,0.7287326192075236,0.9074182668239511,0.42220752433388364,0,0.3,0.9750559076716377
Blockiness + Ringing,climber_sunglasses,11,0.7284363312025758,0.2859763820536821,0.6774730365541457,0.8383616170444294,0.3480551634139878,0,0.3,0.9823450054389654
Blockiness + Ringing,climber_sunglasses,21,0.8727573774102975,0.2144056692520053,0.7638410465194485,0.9204655268286023,0.1871020455140189,0,0.3,0.9828365700934212
Blockiness + Ringing,climber_sunglasses,35,0.7750472041103204,0.2877888159964013,0.6910986569726589,0.7848628834794948,0.3510249432617375,0,0.3,0.9848042701859576
Blockiness + Ringing,climber_sunglasses,47,0.8683149596182156,0.2551443878407805,0.7221668247523392,0.8849566927976623,0.2905097634998824,0,0.3,0.9931327153708053
Blockiness + Ringing,cycler_hill,11,0.8309393849588275,0.23570390502561717,0.7608718074674786,0.9011229764520384,0.24137789005869226,0,0.3,0.9679949700201201
Blockiness + Ringing,cycler_hill,24,0.7323742865565952,0.26985278377358557,0.723301203385614,0.8675140879079455,0.334800826991022,0,0.3,0.9674452341883587
Blockiness + Ringing,cycler_hill,60,0.8166635950995644,0.26665527503982,0.7213061257308888,0.8809258443158938,0.4083534239853066,0,0.3,0.9808846659143321
Blockiness + Ringing,cycler_hill,71,0.8222203071931039,0.24076584182443167,0.7555115077060031,0.8749300679386236,0.2864881042291922,0,0.3,0.9741423295173945
Blockiness + Ringing,cycler_ice,14,0.6034600699111126,0.30356184135589026,0.6756336744188562,0.7841929037491794,0.6468797771101883,0,0.3,0.9341781058427845
Blockiness + Ringing,cycler_ice,15,0.7193386245013045,0.26929967790884546,0.7258942224991031,0.8315785066846161,0.5681299939680404,0,0.3,0.9442858692179936
Blockiness + Ringing,cycler_ice,30,0.5030408767394814,0.32295901052640785,0.6427344569946086,0.7154764195046608,0.6836742875412137,0,0.3,0.9499313674553385
Blockiness + Ringing,cycler_ice,40,0.6184404183506982,0.2546940275441455,0.7267400788563911,0.7991399376907391,0.35181378793134077,0,0.3,0.9273378516980739
Blockiness + Ringing,dog,29,0.699252606599508,0.26495403928280237,0.7098509220586113,0.7905117290305808,0.31442084971568574,0,0.3,0.9731411174983347
Blockiness + Ringing,dog,33,0.8521918849538767,0.25045983603195254,0.735528711977719,0.8300242688640049,0.30778421169781434,0,0.3,0.9842578045443624
Blockiness + Ringing,dog,67,0.7969840456074898,0.24649061735978967,0.7402207432032609,0.8791904504242831,0.26974070951285795,0,0.3,0.9820056616624806
Blockiness + Ringing,dog,90,0.8571286212389694,0.21539070908805855,0.7815439912400991,0.8782334052699143,0.23066881812774745,0,0.3,0.9782992891980528
Blockiness + Ringing,dog_walker,22,0.8741609915899001,0.2380756017719547,0.7641800233832861,0.8712178848731915,0.24087512036386166,0,0.3,0.9845688162158922
Blockiness + Ringing,dog_walker,27,0.7654765829652631,0.27278613933939416,0.7047012485268052,0.8543723804198069,0.34624652219631424,0,0.3,0.985506990669668
Blockiness + Ringing,dog_walker,77,0.7464565407874479,0.25914796756566416,0.7330168621542341,0.8709835281113943,0.3317525368072335,0,0.3,0.9829243206462173
Blockiness + Ringing,dog_walker,87,0.8994447148326542,0.21997829518134523,0.7871616390947209,0.9331017619868939,0.20747009728427213,0,0.3,0.986501112010659
Blockiness + Ringing,fence_guard,11,0.8478809275965051,0.23841458860578682,0.7549869601377767,0.8702939110659582,0.24908227279691386,0,0.3,0.9705869770679811
Blockiness + Ringing,fence_guard,15,0.8243111728399393,0.284960573594277,0.6992143050824579,0.8398897319563768,0.4986383467560041,0,0.3,0.97679964007993
Blockiness + Ringing,fence_guard,24,0.7891540434548917,0.27364473734181016,0.7137755489492337,0.7780318468661453,0.3135104020161091,0,0.3,0.965122753470677
Blockiness + Ringing,fence_guard,50,0.839724416519753,0.2633055138145924,0.720807299694082,0.8529516615183655,0.3661359816911254,0,0.3,0.9795718074620172
Blockiness + Ringing,girl_boat,13,0.870357941438747,0.33124772105249134,0.6414110728521003,0.8757017029843057,0.4544428238188682,0,0.3,0.9788862229591645
Blockiness + Ringing,girl_boat,31,0.9232636378252129,0.2595401624483044,0.7440066557057685,0.8750934715395771,0.3673000382012843,0,0.3,0.9874525297366675
Blockiness + Ringing,girl_boat,66,0.921349872907832,0.24077917515775146,0.7637364778069423,0.9157595822839495,0.3664761402243678,0,0.3,0.9846002297049017
Blockiness + Ringing,girl_boat,86,0.8808979853063019,0.2495814146286686,0.7358444036958215,0.8402401870557115,0.31938853048229293,0,0.3,0.9800959061446298
Blockiness + Ringing,girl_car,12,0.6887950731200979,0.3114017039526158,0.6880333071899895,0.7965712005540613,0.9907540308358422,0,0.3,0.9480392063328775
Blockiness + Ringing,girl_car,22,0.7502129460985884,0.2772212418809265,0.7096092120300541,0.8473700577469545,0.4965348726070491,0,0.3,0.9606658716399945
Blockiness + Ringing,girl_car,27,0.6652858782491057,0.3165895519488023,0.678958068188372,0.7876403215415405,0.7411507922734533,0,0.3,0.9538194210032863
Blockiness + Ringing,girl_car,63,0.7421807804034979,0.23475303737030984,0.7578751387796483,0.827745608868054,0.26981025684461774,0,0.3,0.9320762461638343
Blockiness + Ringing,goalkeeper_boy,10,0.8893381714088321,0.2832832495648728,0.7153059245351506,0.8758515667953336,0.6607218693577646,0,0.3,0.9862652571047864
Blockiness + Ringing,goalkeeper_boy,16,0.8509942920577966,0.307480791362547,0.6929604242356323,0.829057495406315,1.0131220157234675,0,0.3,0.9851259607738923
Blockiness + Ringing,goalkeeper_boy,20,0.8788596441876555,0.27734792711034273,0.716259608859975,0.8482568632158681,0.5627656512847827,0,0.3,0.9840210792383876
Blockiness + Ringing,goalkeeper_boy,62,0.8490659686952569,0.2584335761450807,0.7264195247486374,0.9176176611069241,0.45704997034090217,0,0.3,0.9823063522476455
Blockiness + Ringing,head_statue,14,0.7114233618169514,0.3232245400230714,0.6533280226625442,0.7894321824001167,0.642326342133883,0,0.3,0.9578646400816092
Blockiness + Ringing,head_statue,22,0.7714673806900629,0.3214316723641758,0.6838198520106139,0.807546788343405,1.1240388153580665,0,0.3,0.9675498102064094
Blockiness + Ringing,head_statue,32,0.8076006344043267,0.34031696616426654,0.636241377338799,0.7704904837461598,1.4927584981343571,0,0.3,0.9834165412435321
Blockiness + Ringing,head_statue,85,0.7585045816081636,0.3086707462620973,0.6856681322081393,0.8244489974349802,0.8617114529733367,0,0.3,0.9699319362809131
Blockiness + Ringing,hunter_boy,10,0.8740477941787576,0.2982009357929841,0.7160445800176108,0.7932714799679854,0.4267006730868471,0,0.3,0.9866933883539739
Blockiness + Ringing,hunter_boy,16,0.836364101427785,0.3100559228207133,0.6634556272458564,0.7898840823278775,0.45154168942960565,0,0.3,0.9937296511140825
Blockiness + Ringing,hunter_boy,21,0.8993643360264588,0.31065540986576223,0.6956201116288376,0.8123015000337219,0.4848265217603124,0,0.3,0.9931180396328406
Blockiness + Ringing,hunter_boy,44,0.8868803894878939,0.2959570345000537,0.6921985696616266,0.7723456188154939,0.36252368298900295,0,0.3,0.986414958848136
Blockiness + Ringing,kid_bucket,10,0.89256786647427,0.2906731706087502,0.7136575514342004,0.8087635748040014,0.5886166910479907,0,0.3,0.980155018462772
Blockiness + Ringing,kid_bucket,22,0.9110795930710449,0.28304719858293903,0.7368425667825554,0.8137459677376119,0.4331111822380074,0,0.3,0.984115222225188
Blockiness + Ringing,kid_bucket,30,0.9061687299250522,0.28018655522866726,0.7264273685814587,0.7506771465112352,0.48309707160728765,0,0.3,0.9829698694614699
Blockiness + Ringing,kid_bucket,32,0.926152839709152,0.2389273333477396,0.7642698600859921,0.8633978331498479,0.2818330347186756,0,0.3,0.9832152157748071
Blockiness + Ringing,kid_rubble,14,0.7869142253509933,0.28583117568070576,0.6809180645671197,0.7739769692818947,0.3876555926687234,0,0.3,0.9674208877273377
Blockiness + Ringing,kid_rubble,19,0.7780759203391897,0.2961814157708467,0.6889663617786728,0.7292224373353747,0.6011039730058924,0,0.3,0.9766407479003472
Blockiness + Ringing,kid_rubble,63,0.8371741548800922,0.2732316501783396,0.7199501631376958,0.8551113057738473,0.45045602269735296,0,0.3,0.9806087716651908
Blockiness + Ringing,kid_rubble,71,0.8453379684416823,0.23064767906157013,0.7555689457437226,0.8830235874690713,0.25020211370292544,0,0.3,0.9698980736008105
Blockiness + Ringing,laughing_bear,10,0.8041829522550606,0.26785384472475005,0.710102138741124,0.8973708391488591,0.3135535759504375,0,0.3,0.9930974459636281
Blockiness + Ringing,laughing_bear,11,0.8893581300542414,0.23919769719145034,0.7503176821718653,0.8654914851443114,0.25876534175441934,0,0.3,0.9908884004002937
Blockiness + Ringing,laughing_bear,16,0.7479025084086757,0.2853727030213642,0.6896487045671803,0.8470903731008765,0.3725950062923156,0,0.3,0.9890525825126896
Blockiness + Ringing,laughing_bear,24,0.8831344666862792,0.22541867135235563,0.7677154845143824,0.9148551296045518,0.24179642698138135,0,0.3,0.990950083283751
Blockiness + Ringing,man_desert,10,0.9195283420134108,0.2729891378231731,0.7447842024730595,0.8010575965211671,0.40411768280873217,0,0.3,0.979328531406874
Blockiness + Ringing,man_desert,11,0.855936168119261,0.3146045743685162,0.6920793951791271,0.8105577355611858,0.554056061327446,0,0.3,0.9789615933504432
Blockiness + Ringing,man_desert,16,0.89745823602501,0.3165765341462437,0.6891028020176105,0.7311816186030948,0.6074050292419829,0,0.3,0.9861563968108497
Blockiness + Ringing,man_desert,19,0.8432894988744407,0.32871831097900595,0.6674179012096505,0.7776613249726887,0.5556012647257308,0,0.3,0.9865964121911334
Blockiness + Ringing,man_door,10,0.8778817660078151,0.2797456784346025,0.7238548713759053,0.7892483585135143,0.4909820033668867,0,0.3,0.9730278782347698
Blockiness + Ringing,man_door,12,0.6952358639449516,0.35450418814413304,0.599051349731534,0.8048348077653317,0.6738174486819418,0,0.3,0.9851620591245372
Blockiness + Ringing,man_door,16,0.8996859692487059,0.2793432389045791,0.7309568703104211,0.8465266211717476,0.36301719910646074,0,0.3,0.9776373979475833
Blockiness + Ringing,man_door,22,0.8636733260672457,0.24871913360769435,0.7355423937555575,0.8867754490920555,0.27594363997359955,0,0.3,0.9839869349250724
Blockiness + Ringing,man_weaving,10,0.7856432659453361,0.2738305860429787,0.6970719041045931,0.7767799359175545,0.3377072436213799,0,0.3,0.9705086207339234
Blockiness + Ringing,man_weaving,26,0.7810777013328046,0.2474693626039375,0.7318546973801934,0.8012929932710674,0.2987096139900927,0,0.3,0.9774786330324404
Blockiness + Ringing,man_weaving,80,0.8186419545935667,0.21434539386244614,0.7840001006953818,0.8872391578110786,0.2044946179226931,0,0.3,0.9671285183097882
Blockiness + Ringing,man_weaving,87,0.7912656083104813,0.2249573144675971,0.757134569674403,0.8823608804937915,0.2278594958233868,0,0.3,0.9727762542703029
Blockiness + Ringing,monk,11,0.9361641302780799,0.24716160953359695,0.7748282061499245,0.8951077256185085,0.47489772719925116,0,0.3,0.977993274652819
Blockiness + Ringing,monk,18,0.8716901470810231,0.2911582030938663,0.7238249932554266,0.8835501949673698,0.6649392773675389,0,0.3,0.973268550477238
Blockiness + Ringing,monk,20,0.855193824174761,0.27787135219167935,0.7282450111814022,0.8615197567417957,0.38541633485517346,0,0.3,0.9660567871066363
Blockiness + Ringing,monk,61,0.7854393734613361,0.313805927851261,0.6715367607755821,0.742045263473434,0.46626185116355634,0,0.3,0.9574580359240138
Blockiness + Ringing,mountain_chateau,11,0.9124424165784935,0.24275217035374655,0.7679132806893405,0.9520839717456149,0.40952901275962633,0,0.3,0.9814784593994668
Blockiness + Ringing,mountain_chateau,42,0.8742373043103657,0.23860787874493952,0.74304013445352,0.9520060819993653,0.29341902035071254,0,0.3,0.9864319217938502
Blockiness + Ringing,mountain_chateau,43,0.8513256502666272,0.26602701976597454,0.7277653400654752,0.8846563108341944,0.38731300852099476,0,0.3,0.9835255791450995
Blockiness + Ringing,mountain_chateau,68,0.8639708333597391,0.24079251141825794,0.7502270914277674,0.9282437041391773,0.3204062790004491,0,0.3,0.9847439642475101
Blockiness + Ringing,satellite,11,0.8231556014412647,0.27658003111236823,0.7174386211932164,0.8410273360169629,0.3627593668642357,0,0.3,0.9808100436797174
Blockiness + Ringing,satellite,13,0.7773003230331685,0.24273502869243324,0.7339531038383443,0.8910229630011377,0.2532542650297404,0,0.3,0.9752712230543878
Blockiness + Ringing,satellite,17,0.8527052110721377,0.24782395813979477,0.7391382792397403,0.8959360752250036,0.3010770448405104,0,0.3,0.9794333190414113
Blockiness + Ringing,satellite,82,0.7634810752547752,0.22344026435877187,0.7597049768395454,0.8330981046674013,0.2368337796793957,0,0.3,0.9663345770849354
Blockiness + Ringing,seal_ice,11,0.86721141834203,0.2926782195531952,0.7148123042123862,0.8596814978005562,0.45744020713584993,0,0.3,0.983715958291313
Blockiness + Ringing,seal_ice,24,0.8266445082264096,0.2833362488651834,0.7088900960262436,0.8214009278006322,0.36518201266164535,0,0.3,0.9816132403640461
Blockiness + Ringing,seal_ice,60,0.9271558405699137,0.23131656495020772,0.7612669369242215,0.8822789614141906,0.2722948666121517,0,0.3,0.987438392604157
Blockiness + Ringing,seal_ice,85,0.886162071554754,0.25549881246529904,0.755894054839566,0.8074984411634111,0.40272974763445374,0,0.3,0.9850405032903089
Blockiness + Ringing,seals_cliff,11,0.6755480642862436,0.3459744026977148,0.6355812545635439,0.6939115369348734,1.0219508752841806,0,0.3,0.9678836168447166
Blockiness + Ringing,seals_cliff,17,0.7927484907951279,0.32434202885946467,0.6900782439504248,0.6988395964040766,1.296606852720205,0,0.3,0.9697871734167044
Blockiness + Ringing,seals_cliff,24,0.7082772306534055,0.30446515573323457,0.6554421098713786,0.8456412648258996,0.5337591747206967,0,0.3,0.9809307814847057
Blockiness + Ringing,seals_cliff,54,0.7873498103128326,0.30183620496297925,0.6736654155480752,0.7820631661530442,0.6282794524960407,0,0.3,0.978840310769663
Blockiness + Ringing,short_man,17,0.7950858401332199,0.2825283274900924,0.7088615423582266,0.8697206861731529,0.47306567412267087,0,0.3,0.9773829747291488
Blockiness + Ringing,short_man,49,0.7444141197901417,0.2535508926889976,0.7306972159168521,0.902665328917965,0.290964822512786,0,0.3,0.9688211758528322
Blockiness + Ringing,short_man,80,0.8688928282356984,0.22386495070717705,0.770623406776976,0.9409209768432343,0.2983758466938318,0,0.3,0.9776019787784397
Blockiness + Ringing,short_man,84,0.8793067959359276,0.24300279777251316,0.765148546071644,0.9351650169364408,0.37168948531907003,0,0.3,0.9772748851220361
Blockiness + Ringing,snow_fox,12,0.8255792335602166,0.34415714014906573,0.6583613173656074,0.8013730351611561,1.511734257255602,0,0.3,0.9610582780016748
Blockiness + Ringing,snow_fox,13,0.8913279271429505,0.33479064388326646,0.7081252999581753,0.7936790908288128,1.5609543112934967,0,0.3,0.9659695938898003
Blockiness + Ringing,snow_fox,19,0.8837291779736612,0.3219603089954456,0.6790269854298495,0.8796372786405351,1.2652853926051912,0,0.3,0.9683305351791842
Blockiness + Ringing,snow_fox,22,0.8572237704845161,0.294514482079591,0.7279393347859315,0.8300658956415797,0.6334603089980427,0,0.3,0.9533033639822599
Blockiness + Ringing,standing_bear,11,0.8726425968190056,0.2674358138095738,0.727248082464919,0.9359655909646827,0.3429163905209495,0,0.3,0.9831568045343756
Blockiness + Ringing,standing_bear,12,0.7616342984140204,0.2978694921357055,0.668465901721495,0.869751638697508,0.37943366402785084,0,0.3,0.9815361619331625
Blockiness + Ringing,standing_bear,18,0.7899406021856656,0.30975348355004734,0.6788348044006312,0.7883008029224406,0.5312002361883468,0,0.3,0.9786623186141675
Blockiness + Ringing,standing_bear,77,0.8627061579546784,0.24840348181509286,0.757444582293582,0.7851167333557386,0.4025015427764004,0,0.3,0.9681247412688863
Blockiness + Ringing,street_greeting,11,0.8237445018678059,0.32181712058572337,0.6525432931673797,0.6665526130233326,0.5945009210617181,0,0.3,0.987354370948328
Blockiness + Ringing,street_greeting,15,0.8287975481006502,0.3360500571144042,0.6582200172342869,0.7494448200025323,0.7644393117578254,0,0.3,0.9893374285514647
Blockiness + Ringing,street_greeting,21,0.8557898205673529,0.27218409514501335,0.7263221545307874,0.8131434646652516,0.3681276065838096,0,0.3,0.983911309797609
Blockiness + Ringing,street_greeting,48,0.8587520553057955,0.25903811303282054,0.7125761154366957,0.8434148218258668,0.3648359784178138,0,0.3,0.9893443081737472
Blockiness + Ringing,swan_ice,10,0.8998196222702319,0.279924004906299,0.7372212666039563,0.9444543793111976,0.3994706425935952,0,0.3,0.97624760264926
Blockiness + Ringing,swan_ice,13,0.7920143171968952,0.29872345634171743,0.7014104754842587,0.8871389404390415,0.3851025772588522,0,0.3,0.9602220264777024
Blockiness + Ringing,swan_ice,20,0.8609627910231086,0.27629298961191034,0.7084648314471507,0.9065166545059424,0.3892530432891427,0,0.3,0.9777993421626744
Blockiness + Ringing,swan_ice,44,0.8061716564735453,0.31525900918581135,0.6539208096498371,0.9057062914379274,0.6381748577648245,0,0.3,0.9764037367868668
Blockiness + Ringing,tiger_leaves,23,0.8560776965135383,0.2613240007272567,0.7143669485279234,0.807846303367924,0.45132309841749263,0,0.3,0.9850025337493987
Blockiness + Ringing,tiger_leaves,36,0.7880578454077575,0.2631403428426594,0.7102128877445919,0.7955375950073813,0.33590603209122116,0,0.3,0.9796253350261165
Blockiness + Ringing,tiger_leaves,78,0.9037613262018884,0.2147602476667386,0.7918948849708355,0.8783513040460332,0.20783376011078544,0,0.3,0.9771375364442257
Blockiness + Ringing,tiger_leaves,86,0.9084550136085598,0.2119487679563643,0.7819547260641496,0.8427676511651557,0.23820340871956627,0,0.3,0.9807086700643884
Blockiness + Ringing,tourist_shore,12,0.8071846016241286,0.35243869554991697,0.6486078276155959,0.8084220488868978,1.0116827625736327,0,0.3,0.9767642838176366
Blockiness + Ringing,tourist_shore,30,0.8669695437159894,0.2819864234870298,0.7169721206873474,0.8961479616728121,0.9236022156474255,0,0.3,0.9747057812737371
Blockiness + Ringing,tourist_shore,73,0.8907627539179694,0.2355652336264433,0.7648931381895931,0.9327845078727485,0.4053159383481658,0,0.3,0.9726660507664459
Blockiness + Ringing,tourist_shore,82,0.8783243262834874,0.2838089066459234,0.6957212630920038,0.8528369714369431,0.5834679504596157,0,0.3,0.980406651609658
Blockiness + Ringing,traffic_santa,10,0.7887349567324604,0.31409504011193196,0.6844439695160027,0.8425725998156945,0.9708584739404229,0,0.3,0.9699934413698855
Blockiness + Ringing,traffic_santa,14,0.6749248091692527,0.34575603175910513,0.6615270156916755,0.781826840224733,1.0661432229941552,0,0.3,0.9592530814301602
Blockiness + Ringing,traffic_santa,16,0.7526087344833975,0.3257165526961171,0.6666830237503535,0.8091282909043469,0.6528084463151069,0,0.3,0.9619902271104216
Blockiness + Ringing,traffic_santa,23,0.7781699026799866,0.30195347309923226,0.6964572074512383,0.83026960733556,0.5612324573484098,0,0.3,0.9687912142761317
Blockiness + Ringing,two_bears,10,0.8387626548927677,0.27539876004467334,0.7182775940141325,0.8893582763458423,0.325631989939176,0,0.3,0.9857677858457967
Blockiness + Ringing,two_bears,20,0.8838505208315466,0.2465143300366405,0.7416655586717462,0.8433548795084937,0.27538410123869234,0,0.3,0.988460522956678
Blockiness + Ringing,two_bears,28,0.800024834117565,0.2439934576707782,0.7305993938343021,0.9139080848198361,0.2503331287859393,0,0.3,0.9824162993478616
Blockiness + Ringing,two_bears,72,0.8987110297731576,0.2108346471516833,0.7875503305361147,0.90360121074334,0.20593999905216953,0,0.3,0.9867208047619265
Blockiness + Ringing,walking_bear,12,0.8088520287470845,0.26100503170360323,0.7301878811917734,0.9250353169061382,0.291886650132763,0,0.3,0.968116225709897
Blockiness + Ringing,walking_bear,22,0.7137074414757344,0.25428452013278335,0.717752428058297,0.8485868293522476,0.2860712989060848,0,0.3,0.975435812470232
Blockiness + Ringing,walking_bear,23,0.738667306180628,0.25613084997232816,0.7366485055744508,0.8609289135069271,0.3126068136416711,0,0.3,0.969704907000371
Blockiness + Ringing,walking_bear,39,0.7436463365430598,0.24786593400962692,0.7343719709882364,0.8072244808964057,0.27747740115586267,0,0.3,0.9725191964969028
Blockiness + Ringing,wet_bear,10,0.8229358823353391,0.34823684878059497,0.650654618213184,0.7398708512105812,1.710049851946873,0,0.3,0.9811844737699575
Blockiness + Ringing,wet_bear,43,0.8630643569465033,0.29923628879557557,0.6967589637256267,0.8790317800564386,1.2727730756353692,0,0.3,0.9765546957307215
Blockiness + Ringing,wet_bear,47,0.8502439005870551,0.3288974763612255,0.6477065172428825,0.8826369619481538,1.309148612444817,0,0.3,0.9794944853701912
Blockiness + Ringing,wet_bear,72,0.9075681945840864,0.25978847563304025,0.753531030791359,0.9142987837854634,0.6507565909759493,0,0.3,0.9765040063841657
Blockiness + Ringing,white_hat,12,0.8704118168244096,0.35384075118106456,0.6269483872492219,0.745523162930492,0.8309857408937998,0,0.3,0.967891564873335
Blockiness + Ringing,white_hat,19,0.9201659937501511,0.27259220853409943,0.7626689804020776,0.8756623001248186,0.6737180396606214,0,0.3,0.9751918697460741
Blockiness + Ringing,white_hat,27,0.8355600375621418,0.3304787734637004,0.6481993807280184,0.7937185446548957,0.77894654948967,0,0.3,0.9640409965922304
Blockiness + Ringing,white_hat,79,0.9024441962313435,0.23264935760518002,0.7748772371106336,0.8979071852514864,0.30515741422349907,0,0.3,0.9720492399148786
Blockiness + Ringing,young_cowboy,11,0.8015537184456535,0.28292910827407164,0.7165161754577324,0.8780608827612518,0.35769324781215883,0,0.3,0.986083759355923
Blockiness + Ringing,young_cowboy,18,0.857619439142533,0.24105818629596754,0.7529462010686498,0.9500805973888684,0.25115551631682,0,0.3,0.9867126284377887
Blockiness + Ringing,young_cowboy,19,0.8198239796147782,0.2670578860781869,0.7216069915979663,0.8946923287898046,0.3021852322979653,0,0.3,0.9841457322276567
Blockiness + Ringing,young_cowboy,68,0.853780238984891,0.2643532377176575,0.7223646091240068,0.9342992613244135,0.3108129479577324,0,0.3,0.9876087731955454
DCT + Ringing,arab_mountain,18,0.8847989213057071,0.28155351942982304,0.7112067429905984,0.7643348577390381,0.3794171324181645,0,0.3,0.9926519551111816
DCT + Ringing,arab_mountain,38,0.9186789620073222,0.24117218622072553,0.752452666506162,0.7750518187096118,0.2834300191244407,0,0.3,0.9962356694445119
DCT + Ringing,arab_mountain,47,0.8605669048305221,0.2287792774979232,0.7724738239402782,0.8272636729984268,0.22605825182060219,0,0.3,0.9920784478936164
DCT + Ringing,arab_mountain,64,0.8891989653825756,0.24070383010582022,0.7478293932004095,0.8209514180012335,0.2519537124057234,0,0.3,0.9942173495204766
DCT + Ringing,bear_fish,19,0.834973886313705,0.3251467728687665,0.6760212105957312,0.7314195481644962,1.3014372718517169,0,0.3,0.9854898774676171
DCT + Ringing,bear_fish,25,0.8836465286987495,0.27121422400804834,0.7156274423897971,0.8497848112399974,0.4674364111254026,0,0.3,0.9852371139899022
DCT + Ringing,bear_fish,32,0.9262243836594972,0.2739162696402934,0.7301665154770278,0.9015218729186438,0.6132730450818046,0,0.3,0.9883624967406809
DCT + Ringing,bear_fish,64,0.830358383272963,0.2995047676021757,0.6941741988576119,0.7836418401165978,0.5935711396470639,0,0.3,0.9864333104291325
DCT + Ringing,bird_bushes,18,0.8785684085200226,0.26693784058898834,0.7252431639267038,0.9092771081878035,0.36400940708439566,0,0.3,0.9880306817337309
DCT + Ringing,bird_bushes,21,0.8954397759585132,0.2535157341454851,0.7516163465874331,0.8301861892857704,0.3132740085476785,0,0.3,0.9843920256628075
DCT + Ringing,bird_bushes,42,0.8900228471640469,0.2339337111731509,0.754605334123456,0.9031595896909681,0.25366784017879185,0,0.3,0.9889887102534283
DCT + Ringing,bird_bushes,64,0.826276735657542,0.2744183694026485,0.7198169066661062,0.8646864959680012,0.36607993820238877,0,0.3,0.9863506977932474
DCT + Ringing,cat_fence,10,0.821191621296966,0.32688718266369216,0.6723125116194799,0.8228887417025151,0.631244886008551,0,0.3,0.9675701006481142
DCT + Ringing,cat_fence,11,0.8596785954063544,0.2800633483973119,0.7132616320441204,0.8945949098258552,0.5397480830055782,0,0.3,0.9690046145432861
DCT + Ringing,cat_fence,72,0.880112179878656,0.26674376228439484,0.7249593728019451,0.8824119893350632,0.3692441830115809,0,0.3,0.9862790056160272
DCT + Ringing,cat_fence,87,0.9251931419264211,0.23357422784252152,0.7747666858844638,0.9311740241553927,0.28970379491710313,0,0.3,0.9858602789247339
DCT + Ringing,climber_mountains,10,0.7294773547547182,0.30952177980107964,0.6759160785714144,0.8181846494375737,0.6504528054593298,0,0.3,0.937240954628982
DCT + Ringing,climber_mountains,11,0.7288093336715424,0.30384442042174403,0.6823487171939645,0.7978556344859481,0.4214601663808303,0,0.3,0.9276791778259812
DCT + Ringing,climber_mountains,26,0.7551883205435851,0.2868051211375426,0.7097891946355785,0.8407440321053986,0.4950145740287025,0,0.3,0.9538484910010825
DCT + Ringing,climber_mountains,34,0.8070433964350487,0.27095285000195635,0.7150378010082514,0.9028265924843325,0.47380060653128286,0,0.3,0.972603681042668
DCT + Ringing,climber_sunglasses,11,0.7268653534205441,0.2891234139976847,0.6775579228269154,0.8331189712288692,0.36726799306623786,0,0.3,0.9841563473618897
DCT + Ringing,climber_sunglasses,21,0.8741723331962856,0.21256514274596275,0.7645549865196208,0.9204739225976011,0.1840702001056592,0,0.3,0.9874471861768905
DCT + Ringing,climber_sunglasses,35,0.7732396758391187,0.28769835374715674,0.6905973809707681,0.7776490235178254,0.35179075732119247,0,0.3,0.9898234668927934
DCT + Ringing,climber_sunglasses,47,0.8722475531201324,0.2477641234263767,0.7297268372517325,0.893783437877952,0.26887813371124036,0,0.3,0.9954621360290379
DCT + Ringing,cycler_hill,11,0.8096165792757634,0.2581037817673937,0.7431325333025383,0.890917984240303,0.30300379423952734,0,0.3,0.9500040726869965
DCT + Ringing,cycler_hill,24,0.7247541223668773,0.28625517180403987,0.7111769951780463,0.8617747961056477,0.4048175376877796,0,0.3,0.9579594726277584
DCT + Ringing,cycler_hill,60,0.8055738270843246,0.28536995387927744,0.7066452466529892,0.8703764729734068,0.48000570642076973,0,0.3,0.9777311604284196
DCT + Ringing,cycler_hill,71,0.8197567316202228,0.2526837037655053,0.7487388416002161,0.8687611568101861,0.3204981632067385,0,0.3,0.9702074983403235
DCT + Ringing,cycler_ice,14,0.5915768322460553,0.3222323064437837,0.6562756660428796,0.7814291152901812,0.8561054457347372,0,0.3,0.924569287259963
DCT + Ringing,cycler_ice,15,0.7084467217403257,0.29094450065411437,0.7052038065647654,0.8258103558295045,0.780066666520876,0,0.3,0.9376205641696416
DCT + Ringing,cycler_ice,30,0.4950603781481975,0.3464949988713979,0.6206065927812247,0.7188711345616323,0.9124808599716858,0,0.3,0.9492882676857657
DCT + Ringing,cycler_ice,40,0.6191798411072188,0.2724466275873107,0.7080384657426355,0.7992606311183247,0.43393405495879916,0,0.3,0.9294237200539798
DCT + Ringing,dog,29,0.6906442573327654,0.2709150404292518,0.7009066299880502,0.7786272408166384,0.3260038956363423,0,0.3,0.9691364202153373
DCT + Ringing,dog,33,0.8447592321995994,0.2625878654491143,0.7226312079540211,0.8196042955637104,0.34165862516361384,0,0.3,0.9822586725877303
DCT + Ringing,dog,67,0.7971575250105424,0.24525656655287886,0.7434711873702581,0.8779717894787873,0.26885616162079085,0,0.3,0.9802624664970183
DCT + Ringing,dog,90,0.8554348694311672,0.21900798568689084,0.7790786952607589,0.8693783465284978,0.24610879091712928,0,0.3,0.9788204915729243
DCT + Ringing,dog_walker,22,0.8752057480230606,0.23574724195178257,0.7656590865306243,0.86510989316729,0.23957995106440488,0,0.3,0.9865993845511839
DCT + Ringing,dog_walker,27,0.767542419360233,0.27682261112300355,0.7020696434789865,0.8525277057134525,0.3708943282959309,0,0.3,0.9878011553689943
DCT + Ringing,dog_walker,77,0.7523575643221148,0.25898505954988865,0.7376454831574646,0.8767736614755026,0.33593556900386123,0,0.3,0.9871024005334718
DCT + Ringing,dog_walker,87,0.9028058336718119,0.21837938364169332,0.7907199358791417,0.9382830969258974,0.20711154775142193,0,0.3,0.9900234973440014
DCT + Ringing,fence_guard,11,0.8303761121998495,0.25170283399289944,0.7406430164452672,0.8558738441190281,0.2963734804939228,0,0.3,0.958216152376179
DCT + Ringing,fence_guard,15,0.8135587842431824,0.30659716982841595,0.6790885324148863,0.8304534565291569,0.6263816367728401,0,0.3,0.968684999998052
DCT + Ringing,fence_guard,24,0.7729778617304657,0.28543018777399853,0.7016334776418309,0.7680197924128644,0.3528262478704361,0,0.3,0.9561411639787333
DCT + Ringing,fence_guard,50,0.8342778081646792,0.2786354431768556,0.7068141812811202,0.8456733822809895,0.4417242365768123,0,0.3,0.974864887984507
DCT + Ringing,girl_boat,13,0.8635982293763343,0.33355276107529225,0.6387994325422928,0.8680632257969964,0.47690585534842944,0,0.3,0.971827927330959
DCT + Ringing,girl_boat,31,0.9215418045785273,0.26476355689048914,0.7401156178879306,0.8697554601447011,0.3833891398546791,0,0.3,0.9872638810520215
DCT + Ringing,girl_boat,66,0.92235819285405,0.24941234697023418,0.7590334087792919,0.9154785293932175,0.3933286253934029,0,0.3,0.9855666402174035
DCT + Ringing,girl_boat,86,0.88467392886573,0.24946542739855346,0.7359332645083054,0.8414744259159523,0.3167790396543644,0,0.3,0.9824490270803637
DCT + Ringing,girl_car,12,0.6718841458415084,0.3250570315022839,0.6697409664430534,0.7955116471416324,1.14783827372138,0,0.3,0.9355005312166941
DCT + Ringing,girl_car,22,0.7496619116071623,0.29342146371844513,0.6906673059180268,0.8441860211988963,0.6284133984161632,0,0.3,0.9498054676111793
DCT + Ringing,girl_car,27,0.6625871591474499,0.3314934571292436,0.6624059351355313,0.7852228912540411,0.966877056852444,0,0.3,0.9465755228623756
DCT + Ringing,girl_car,63,0.7466255613402601,0.2430237038326678,0.7464127880835786,0.8319344109133164,0.29715887457721313,0,0.3,0.9299065475047606
DCT + Ringing,goalkeeper_boy,10,0.8864740622002276,0.299153294826593,0.7040520355739357,0.8681486199742872,0.8424435185601067,0,0.3,0.9851315126576466
DCT + Ringing,goalkeeper_boy,16,0.84978133349237,0.32269451289597634,0.6841997190465752,0.8242220097854821,1.2669238096561513,0,0.3,0.9854755873325024
DCT + Ringing,goalkeeper_boy,20,0.878054017060067,0.2887505730126403,0.7104602465296607,0.8432134815400496,0.686572174335555,0,0.3,0.9852609476568782
DCT + Ringing,goalkeeper_boy,62,0.8523550791582954,0.26812880537712785,0.7252174760115314,0.9217792607263664,0.5396168004588043,0,0.3,0.9859577582924204
DCT + Ringing,head_statue,14,0.6871518553703725,0.34200160267828644,0.6331353212310822,0.7769582232673811,0.7840534343356557,0,0.3,0.9427504632862953
DCT + Ringing,head_statue,22,0.7540463149068354,0.3460545139232771,0.6630397642368753,0.796885981226345,1.5461308870254402,0,0.3,0.9588647933996148
DCT + Ringing,head_statue,32,0.7989296481230013,0.36838181639768697,0.6131999349269948,0.7452244229830758,2.2788245571702497,0,0.3,0.9802511790485896
DCT + Ringing,head_statue,85,0.7566393975238288,0.3267454254585823,0.6775001412047821,0.8174739090900138,0.884833321722335,0,0.3,0.9699576170254379
DCT + Ringing,hunter_boy,10,0.8682574459797043,0.31265011999302095,0.7053825312345903,0.781630379225023,0.49527966738251983,0,0.3,0.982284310197687
DCT + Ringing,hunter_boy,16,0.8366862506764011,0.31721406231721166,0.6592026717176818,0.780055145668485,0.48815001299863553,0,0.3,0.9931195482317418
DCT + Ringing,hunter_boy,21,0.8965052472691288,0.3262173381809363,0.6840069500014403,0.7930917809685764,0.5882489156427636,0,0.3,0.9928506625398323
DCT + Ringing,hunter_boy,44,0.8884971141138204,0.30219172300308117,0.6887413201844931,0.7598218094288249,0.37586108359291653,0,0.3,0.9867689110760147
DCT + Ringing,kid_bucket,10,0.8733347341994528,0.31667606556627387,0.6903659748967244,0.7980066289005671,0.6047495503666219,0,0.3,0.9613311993732591
DCT + Ringing,kid_bucket,22,0.9028473364330338,0.30800065396924314,0.7116717934101764,0.8025338387796591,0.5331021457417052,0,0.3,0.9742828444824222
DCT + Ringing,kid_bucket,30,0.899151637728268,0.30438210249330305,0.7027362732139426,0.7423708613660234,0.5454769565648927,0,0.3,0.9737454352206091
DCT + Ringing,kid_bucket,32,0.9185011025920871,0.2632263222802005,0.7437037142294163,0.8518889923663047,0.33663718666558445,0,0.3,0.9741970290839151
DCT + Ringing,kid_rubble,14,0.763203485146904,0.3064193403457535,0.6598134956376603,0.7572006666160641,0.47156384144323044,0,0.3,0.9567296187110209
DCT + Ringing,kid_rubble,19,0.7642828718782881,0.32172447292527934,0.6658543822689484,0.7164247054658247,0.7963471698588016,0,0.3,0.9706509156860084
DCT + Ringing,kid_rubble,63,0.8393026318408099,0.28429674343203254,0.7163043010592068,0.8588553186180891,0.5033014329733916,0,0.3,0.9787271029343775
DCT + Ringing,kid_rubble,71,0.8498616512749052,0.23610373332905288,0.7539694777155257,0.8895828035875345,0.26045740894059877,0,0.3,0.967804745506709
DCT + Ringing,laughing_bear,10,0.804569524359194,0.27310986042208263,0.7076522514239192,0.8951335175058438,0.33339551758385116,0,0.3,0.9924042853595448
DCT + Ringing,laughing_bear,11,0.8868995596818604,0.247476829071054,0.7431688450316669,0.8610156115108137,0.2889393464185172,0,0.3,0.9905709618408696
DCT + Ringing,laughing_bear,16,0.7485687827752902,0.285143117553283,0.6914406318344695,0.8470547475363928,0.3975090672867716,0,0.3,0.9907808441036029
DCT + Ringing,laughing_bear,24,0.883801564304625,0.22480395900651368,0.7689061493282051,0.9177274328503157,0.24200072518142896,0,0.3,0.9933767199712461
DCT + Ringing,man_desert,10,0.9117984804622778,0.2878681874424315,0.7324467813555845,0.797813658588378,0.47830846902226204,0,0.3,0.9686667710650501
DCT + Ringing,man_desert,11,0.8553566910584619,0.3308744118843413,0.6806770038090931,0.8126522448387847,0.6928783333558336,0,0.3,0.968119360678022
DCT + Ringing,man_desert,16,0.8946646010901237,0.33366553314986674,0.6753335374935825,0.730271480955606,0.7912598480649079,0,0.3,0.98086659920405
DCT + Ringing,man_desert,19,0.8328399460966245,0.3506040453589578,0.6452221046519743,0.764557998836658,0.7007192435641612,0,0.3,0.9823749570703866
DCT + Ringing,man_door,10,0.8536007941519748,0.3084151781787675,0.6958032018189406,0.7696885457977147,0.6660551324720124,0,0.3,0.9568612377404997
DCT + Ringing,man_door,12,0.6782906013975147,0.37884165954700466,0.5736993300877474,0.7886820247928225,0.8206105997965253,0,0.3,0.9775400627784159
DCT + Ringing,man_door,16,0.8866900043362563,0.30262848251104224,0.7100923575299272,0.8305922588132773,0.46075240036271997,0,0.3,0.9687666301219539
DCT + Ringing,man_door,22,0.8515424727954417,0.27031726499258724,0.7137279144536346,0.8738465703883632,0.34434103731491233,0,0.3,0.9786010752374822
DCT + Ringing,man_weaving,10,0.779825206754781,0.2776804222420821,0.6939195586198181,0.7708381369004302,0.3520243839377641,0,0.3,0.9680664933078597
DCT + Ringing,man_weaving,26,0.779310995357735,0.24908831026082168,0.7308556611225521,0.7972298889583683,0.30657554612910226,0,0.3,0.9803354997312261
DCT + Ringing,man_weaving,80,0.8238946189931211,0.20935017060863942,0.7887194450441473,0.8910810806853721,0.19590496277686834,0,0.3,0.9752910007885733
DCT + Ringing,man_weaving,87,0.7986437661456744,0.21979503112922788,0.766100349254287,0.8831486880692402,0.2200850742036152,0,0.3,0.9803496033358049
DCT + Ringing,monk,11,0.9284218888528302,0.2620913021704539,0.762062709717189,0.8840602510125075,0.4956290679060356,0,0.3,0.9674772483090905
DCT + Ringing,monk,18,0.8611421513834933,0.30776402647193873,0.707786815646034,0.8725237961175728,0.7720120734034176,0,0.3,0.9645839051644723
DCT + Ringing,monk,20,0.8398699673306829,0.2930239825768347,0.7116762932308863,0.8431235359792363,0.44735837403765577,0,0.3,0.9551753105064349
DCT + Ringing,monk,61,0.7766189949253388,0.3232423600016985,0.6605792123611507,0.7323837980273578,0.5088186872544804,0,0.3,0.9482721559957462
DCT + Ringing,mountain_chateau,11,0.9089098557411561,0.25488416472683423,0.7541016916215985,0.9487603510218655,0.4634558499866423,0,0.3,0.9769246400090571
DCT + Ringing,mountain_chateau,42,0.8776417222567762,0.239790803175872,0.7445373592582023,0.9563437182909046,0.301256199133548,0,0.3,0.9878700830028451
DCT + Ringing,mountain_chateau,43,0.8568214354293265,0.2675184692113184,0.7282121523716226,0.8873246738397583,0.41340502512979366,0,0.3,0.9850640081590929
DCT + Ringing,mountain_chateau,68,0.8688469281984907,0.24321664116566605,0.7491526120597236,0.9288478660004453,0.33471308708905767,0,0.3,0.9873371274638143
DCT + Ringing,satellite,11,0.8234974288904705,0.28107176965237224,0.7111487747742175,0.8381918698638872,0.39377123803741393,0,0.3,0.9774745465988177
DCT + Ringing,satellite,13,0.7873128906645367,0.2414009746017851,0.7362765067300531,0.8888777508206328,0.2656909930902583,0,0.3,0.9722988964915942
DCT + Ringing,satellite,17,0.855032123424841,0.2554479010175176,0.7350032993161547,0.8933770915649482,0.34611522576493925,0,0.3,0.977971801427977
DCT + Ringing,satellite,82,0.7824191899014384,0.2195300866954526,0.7665439259896236,0.8451211020902052,0.2334394422796188,0,0.3,0.9680628340608116
DCT + Ringing,seal_ice,11,0.85021278869816,0.31555381662050885,0.6936464565916287,0.8452166939632942,0.563243568534316,0,0.3,0.9715227616047836
DCT + Ringing,seal_ice,24,0.8184509561912291,0.3019923963686879,0.6953514852869904,0.8079450829309933,0.4357618406241853,0,0.3,0.9747463621645406
DCT + Ringing,seal_ice,60,0.9216485585600814,0.24941614183800534,0.7436954136625424,0.8726637904295942,0.3121347559810607,0,0.3,0.9855235749946075
DCT + Ringing,seal_ice,85,0.8806539530808416,0.26587887342093636,0.7447914713045155,0.7981861331263918,0.4288585931475263,0,0.3,0.984869322866871
DCT + Ringing,seals_cliff,11,0.6628202350624398,0.3609533209671787,0.6163324499647201,0.6822500808893802,1.1807253749419715,0,0.3,0.9605066899904015
DCT + Ringing,seals_cliff,17,0.7892410009900451,0.332577948296546,0.680690580532825,0.6909788926473508,1.5463943096017274,0,0.3,0.9649777978494118
DCT + Ringing,seals_cliff,24,0.7058453471709131,0.313644657477463,0.6468430121690525,0.8395357993919768,0.6718565899781617,0,0.3,0.9779032045817063
DCT + Ringing,seals_cliff,54,0.7831268869649225,0.3160373433849455,0.6614175242663862,0.7766978128964386,0.7862979640450614,0,0.3,0.9769816887008074
DCT + Ringing,short_man,17,0.7821673123555156,0.30500883842178167,0.6882563050989146,0.868439578472078,0.65043303335752,0,0.3,0.9738093854439296
DCT + Ringing,short_man,49,0.7417167358605561,0.2598452087065684,0.7213070990654816,0.9031982060314834,0.3055381066420521,0,0.3,0.9720823785229029
DCT + Ringing,short_man,80,0.8740214791055954,0.22678883075548958,0.7681477970942854,0.9401871259960172,0.3138713984613584,0,0.3,0.9809461238341297
DCT + Ringing,short_man,84,0.879957771256054,0.2509465660881741,0.7557158870146529,0.9345447843010652,0.3990764367405044,0,0.3,0.981955606438786
DCT + Ringing,snow_fox,12,0.8368535031296672,0.33765253066516143,0.6649812055956228,0.8162821008505213,1.5242140465514356,0,0.3,0.9706838876022577
DCT + Ringing,snow_fox,13,0.9033599861209871,0.3204436433916735,0.7204293566902358,0.8115623309085829,1.4356790880404993,0,0.3,0.9755738726065011
DCT + Ringing,snow_fox,19,0.892864341978621,0.3133786135176785,0.683565957414625,0.8919477217089674,1.1870731139735662,0,0.3,0.9772920821915555
DCT + Ringing,snow_fox,22,0.8699735609359762,0.28627112921266284,0.7358005925622891,0.844795502655842,0.6344257601974174,0,0.3,0.9655966033686704
DCT + Ringing,standing_bear,11,0.8502059562960792,0.2973124768311213,0.6969384035701988,0.9129335930522618,0.40457103663333827,0,0.3,0.9665928335480687
DCT + Ringing,standing_bear,12,0.7354975600325705,0.3251693155183027,0.6354677812983653,0.8308765946168435,0.4484951957491933,0,0.3,0.9641822717131002
DCT + Ringing,standing_bear,18,0.7616539506792664,0.3440379824679262,0.6447616546906726,0.7576715145023524,0.6576909454928146,0,0.3,0.9640091923795931
DCT + Ringing,standing_bear,77,0.8517595812876322,0.27055569070627167,0.7413569247494369,0.7614229418561897,0.4852729613608052,0,0.3,0.9556859689751023
DCT + Ringing,street_greeting,11,0.8174437808629359,0.33656120224579833,0.63915756671702,0.6628822634873682,0.7193753236154894,0,0.3,0.9825853468937521
DCT + Ringing,street_greeting,15,0.8250995196921389,0.34763192192565184,0.6511420732253247,0.7394520815933568,0.9837629580297927,0,0.3,0.9874528983832671
DCT + Ringing,street_greeting,21,0.8557811002225594,0.2799409517023651,0.7219099709793573,0.8051730072578075,0.4386050057001395,0,0.3,0.9830379050300283
DCT + Ringing,street_greeting,48,0.8602036322971628,0.26368721312305266,0.7111309791533303,0.8456653545057217,0.3830033485816884,0,0.3,0.9903896004561896
DCT + Ringing,swan_ice,10,0.8755222624112662,0.304284851038655,0.7116641475580991,0.9302712802854459,0.4760315798309193,0,0.3,0.9541958719306116
DCT + Ringing,swan_ice,13,0.7636832427650044,0.317551301559957,0.6770731142110882,0.8754404812466193,0.45315700975641054,0,0.3,0.9281797999993525
DCT + Ringing,swan_ice,20,0.8423734005641107,0.3014791256881797,0.6782190422120311,0.8941972685056614,0.4655725238434229,0,0.3,0.9618417831151469
DCT + Ringing,swan_ice,44,0.7921760759242716,0.34152939901823326,0.628584982740986,0.8949578488233826,0.7178038519347827,0,0.3,0.9672387129256271
DCT + Ringing,tiger_leaves,23,0.8618497750298919,0.2689775333743296,0.7116508966502325,0.8084625742764481,0.5201932232961016,0,0.3,0.9868626806779266
DCT + Ringing,tiger_leaves,36,0.792926939638654,0.2675208038295988,0.7068922431649697,0.7887709332363864,0.35899007700413366,0,0.3,0.9833592599239097
DCT + Ringing,tiger_leaves,78,0.9129329465266286,0.21200595682380116,0.7968847936592397,0.88651215717513,0.20970272770289092,0,0.3,0.9828264771224592
DCT + Ringing,tiger_leaves,86,0.9164203517502948,0.20961054451667147,0.786573920874834,0.8534491768066574,0.23812971964114066,0,0.3,0.9862211763696532
DCT + Ringing,tourist_shore,12,0.8005072628663029,0.3670711903013614,0.6304048063728243,0.8205454991284502,1.109905215214277,0,0.3,0.9682916518281361
DCT + Ringing,tourist_shore,30,0.8635885947672598,0.2968642512483727,0.7058109370833121,0.8964349876927116,1.0778846160592743,0,0.3,0.9719218272444232
DCT + Ringing,tourist_shore,73,0.8957394387360306,0.24389311054553678,0.7588903194029143,0.9361056676137709,0.41194952037242155,0,0.3,0.9722314322443186
DCT + Ringing,tourist_shore,82,0.8806496187751434,0.3018414698324562,0.6793921519254167,0.8543187146036803,0.5874380601665029,0,0.3,0.9805846688303891
DCT + Ringing,traffic_santa,10,0.7784910159889058,0.326794667946259,0.6749638670603495,0.8382039043012293,1.1262493507786961,0,0.3,0.9649976309159768
DCT + Ringing,traffic_santa,14,0.6616984115482044,0.36134473390212923,0.6503223258762644,0.7800002643604134,1.2578696020207338,0,0.3,0.9551131200671445
DCT + Ringing,traffic_santa,16,0.7421342654592032,0.33919349623644174,0.6525462992617216,0.8040328611041982,0.7978668752999739,0,0.3,0.958446417194139
DCT + Ringing,traffic_santa,23,0.7684560434140053,0.3153918207879142,0.6859727335326767,0.8313337453517019,0.6907471610465405,0,0.3,0.9659741206714986
DCT + Ringing,two_bears,10,0.8296971860408079,0.27861570295905674,0.7135452296800415,0.8752690924316106,0.34717163970741793,0,0.3,0.9742159800715463
DCT + Ringing,two_bears,20,0.8776799002450092,0.25927915017096065,0.7303042683150588,0.8313924342931386,0.3225697936480945,0,0.3,0.9838819852244124
DCT + Ringing,two_bears,28,0.8002755726435742,0.2516642708635284,0.7242725310106474,0.9086381784846322,0.27443200070023804,0,0.3,0.9763174637415432
DCT + Ringing,two_bears,72,0.8978549392137368,0.21593067071317842,0.7813186324707444,0.9003534670410204,0.21916655174153354,0,0.3,0.9838463006853259
DCT + Ringing,walking_bear,12,0.7845578599589068,0.27246938115616587,0.7165735849180592,0.9142397940009896,0.34312286206745607,0,0.3,0.9475163254477097
DCT + Ringing,walking_bear,22,0.7018354820886401,0.2645247294302912,0.7103310415342696,0.8317416934381499,0.31827486002568756,0,0.3,0.9681793670460204
DCT + Ringing,walking_bear,23,0.7232221318299006,0.26694442456292256,0.7273193585397282,0.8500744612671728,0.36748369775852896,0,0.3,0.961899707245086
DCT + Ringing,walking_bear,39,0.7309529644292793,0.2567358087754589,0.725610905363312,0.7911923811745147,0.30502476174720067,0,0.3,0.9704816805373069
DCT + Ringing,wet_bear,10,0.8253731404597153,0.35509313762826666,0.6506870418966613,0.743340180581474,2.2303021998145245,0,0.3,0.9773800006306042
DCT + Ringing,wet_bear,43,0.8695736966628,0.30901974518769926,0.6969634342834905,0.8847197322728576,1.5441118342619946,0,0.3,0.9766897391708308
DCT + Ringing,wet_bear,47,0.8530298509541877,0.3417172764847963,0.6426982941092747,0.8867810129493542,1.5892064417231029,0,0.3,0.9800324644639276
DCT + Ringing,wet_bear,72,0.9107624993942747,0.2729067800277041,0.7486855274932885,0.9151888091289361,0.7535772918835929,0,0.3,0.9771946187859922
DCT + Ringing,white_hat,12,0.8561016701562256,0.3722413892199728,0.6090261733339768,0.7300222545264962,0.9758578248010168,0,0.3,0.9547437955696351
DCT + Ringing,white_hat,19,0.9139694021066712,0.29034523254462347,0.7452378462507658,0.8662007017568065,0.738328591010788,0,0.3,0.9690833047309194
DCT + Ringing,white_hat,27,0.8308476845261993,0.3416132802522323,0.6377824033995619,0.7865309791378305,0.9274190836588297,0,0.3,0.9600000007182629
DCT + Ringing,white_hat,79,0.9010639865009008,0.24484969946688598,0.7644579778013363,0.8935649281433897,0.32906910985464005,0,0.3,0.970851632896587
DCT + Ringing,young_cowboy,11,0.7914169285549122,0.2914370825574838,0.708880748975903,0.8625638869662398,0.39246800310791297,0,0.3,0.985670744816216
DCT + Ringing,young_cowboy,18,0.8579416009055878,0.24292185839126626,0.7518244906915019,0.9491592392375895,0.269250817687034,0,0.3,0.9896831938398163
DCT + Ringing,young_cowboy,19,0.8140918960124733,0.27250820268730835,0.7149857266695582,0.8825887658712565,0.3184875324361785,0,0.3,0.987677159309417
DCT + Ringing,young_cowboy,68,0.8552280714208104,0.26244199201447616,0.7234950613682296,0.9331614567055277,0.31189818674387615,0,0.3,0.9915736116876511
SC-TAS NR (all),arab_mountain,18,0.8884398031918995,0.2745262033548716,0.7170182508439985,0.7697846933063623,0.34528543196298395,0,0.3,0.9942302587631953
SC-TAS NR (all),arab_mountain,38,0.9197157748827635,0.2376526416317204,0.7551463296151956,0.7807305037429435,0.26963664201165216,0,0.3,0.9963841712089716
SC-TAS NR (all),arab_mountain,47,0.8625591499980673,0.22665386657086994,0.7740398077143855,0.8319724716774263,0.22058142584326712,0,0.3,0.9922117315351464
SC-TAS NR (all),arab_mountain,64,0.8906328559346314,0.23858038682784138,0.7501002459615032,0.8243379530667754,0.2470891999369208,0,0.3,0.994134932293883
SC-TAS NR (all),bear_fish,19,0.8355514894239302,0.3092723832720921,0.6838711401387735,0.7372983907295275,0.8040196404452029,0,0.3,0.9887067891503032
SC-TAS NR (all),bear_fish,25,0.885468308754819,0.25880532764334535,0.723898382150558,0.8547825234856306,0.3675690980598887,0,0.3,0.9881743004091263
SC-TAS NR (all),bear_fish,32,0.9263598975179511,0.259580315385869,0.7375924414075911,0.9028714163016505,0.42438585342624946,0,0.3,0.9905251362698191
SC-TAS NR (all),bear_fish,64,0.8297783571717922,0.29066146367616924,0.6976722044576602,0.7839052260228166,0.4786556727233904,0,0.3,0.9884121319552185
SC-TAS NR (all),bird_bushes,18,0.8809648520038235,0.2586900612101026,0.7313700836675701,0.9108390606275942,0.3261436145065997,0,0.3,0.990147166033886
SC-TAS NR (all),bird_bushes,21,0.9004456030301597,0.24521366245391898,0.758693583651006,0.8355443016548225,0.280222401216474,0,0.3,0.9869448397976692
SC-TAS NR (all),bird_bushes,42,0.8917100454385078,0.2277722538639439,0.7591698612512573,0.904847225371898,0.23567691422378054,0,0.3,0.9905472729921969
SC-TAS NR (all),bird_bushes,64,0.8279717886142615,0.26867806575855413,0.7236402956401545,0.8631144955171414,0.3392282955709522,0,0.3,0.9878567853095641
SC-TAS NR (all),cat_fence,10,0.8297352347403155,0.3159231577724793,0.6832770825684303,0.8250405306787753,0.5228646060546845,0,0.3,0.9805557412160844
SC-TAS NR (all),cat_fence,11,0.8708587371316594,0.262485789605537,0.7291474720949711,0.9006563533124999,0.3994709299732776,0,0.3,0.980862997631897
SC-TAS NR (all),cat_fence,72,0.8811870905306856,0.25986961278543547,0.7298711345687209,0.8858409044423131,0.33514191057126774,0,0.3,0.9889348307952645
SC-TAS NR (all),cat_fence,87,0.9258517601156928,0.22513876405788305,0.7803357360158725,0.9332577050250943,0.2554820279442197,0,0.3,0.9882450248769208
SC-TAS NR (all),climber_mountains,10,0.7452245862133995,0.29544298355428855,0.6912832481041409,0.8234080360887102,0.5553816729312826,0,0.3,0.9544089942304965
SC-TAS NR (all),climber_mountains,11,0.7490985574313881,0.292425167305583,0.6956067926064673,0.8035195701629876,0.3771737057441651,0,0.3,0.9465046933151806
SC-TAS NR (all),climber_mountains,26,0.7649313586685622,0.2780918488253875,0.718442280819192,0.8449565853801118,0.4023803489243853,0,0.3,0.9627326995338245
SC-TAS NR (all),climber_mountains,34,0.813186516348043,0.25964482721725735,0.726118920001022,0.9060498979894542,0.3887891263668845,0,0.3,0.9779456867104716
SC-TAS NR (all),climber_sunglasses,11,0.730221214238583,0.2849162536797086,0.6799833232219136,0.8376129424277381,0.34738765498461854,0,0.3,0.9867106505293597
SC-TAS NR (all),climber_sunglasses,21,0.876064625071237,0.21047868439516537,0.7670011843509703,0.9218882600414064,0.1791613540721175,0,0.3,0.98808599719769
SC-TAS NR (all),climber_sunglasses,35,0.7762228590080202,0.2858097764441243,0.6926358565940958,0.7823421361238795,0.34481558825389236,0,0.3,0.9897743882785645
SC-TAS NR (all),climber_sunglasses,47,0.8712326724910765,0.24907576951713614,0.7277916375609297,0.8911267532186173,0.27197255507342005,0,0.3,0.9953594927612115
SC-TAS NR (all),cycler_hill,11,0.8260472691785254,0.2435773777397348,0.7546090582833893,0.89793457603593,0.25795576747382043,0,0.3,0.9660586421956067
SC-TAS NR (all),cycler_hill,24,0.7331981947269374,0.2743146280531362,0.7202478134811516,0.8660152205251055,0.34126399726627255,0,0.3,0.9684530164400061
SC-TAS NR (all),cycler_hill,60,0.8136481594767122,0.27227939980643506,0.7164326659108499,0.876658679813512,0.4014237034415844,0,0.3,0.9822677235543408
SC-TAS NR (all),cycler_hill,71,0.8243338214330465,0.24348540671235808,0.7551425593346813,0.8724218622360945,0.2857635868476684,0,0.3,0.9759555118101626
SC-TAS NR (all),cycler_ice,14,0.6049236428983847,0.307814048493787,0.6694518716799975,0.7837875661217986,0.6312826343869307,0,0.3,0.9405273119520442
SC-TAS NR (all),cycler_ice,15,0.721008365453987,0.27403461611412255,0.7196288640308544,0.8298630196510334,0.5649899328018886,0,0.3,0.9502629876681369
SC-TAS NR (all),cycler_ice,30,0.5029284928963921,0.3291998976761858,0.6350658515039191,0.717086121021942,0.6720536759403608,0,0.3,0.9576915755456147
SC-TAS NR (all),cycler_ice,40,0.626122000950975,0.25846058560965457,0.721085394413028,0.8011199717623604,0.3530337425027776,0,0.3,0.9393924336665723
SC-TAS NR (all),dog,29,0.6977391240955747,0.2656237293117757,0.7070029653240093,0.784599408749024,0.3125910882118051,0,0.3,0.9752681668955357
SC-TAS NR (all),dog,33,0.8503226487841311,0.25395726161074417,0.7310844985352489,0.8246426889883702,0.314849982711855,0,0.3,0.9856132869278084
SC-TAS NR (all),dog,67,0.7989350249702121,0.24275253485206594,0.7441941440706679,0.8804086422062929,0.25997321787219213,0,0.3,0.9835626357637074
SC-TAS NR (all),dog,90,0.8582866022053685,0.21491256184933763,0.7826123260360032,0.8739041518872702,0.22668596959636161,0,0.3,0.9809578310949268
SC-TAS NR (all),dog_walker,22,0.8768176189772252,0.2343600729385987,0.7672741364934166,0.8696647858400147,0.233616426644291,0,0.3,0.9881234014980269
SC-TAS NR (all),dog_walker,27,0.7685941043363175,0.2721191051654152,0.7054966047277612,0.8550214944142253,0.34407096773184287,0,0.3,0.988974362395299
SC-TAS NR (all),dog_walker,77,0.7517074847671478,0.256530101600716,0.7377406279360372,0.8745376345157032,0.3226796712796236,0,0.3,0.9872959703054448
SC-TAS NR (all),dog_walker,87,0.902654882077702,0.2173217119509522,0.7907143347609193,0.9372668923043546,0.20157942606242527,0,0.3,0.9899658804649434
SC-TAS NR (all),fence_guard,11,0.8438280036875296,0.24054060180333092,0.7520709337560418,0.8642342926594674,0.2557618688486513,0,0.3,0.9701211778486497
SC-TAS NR (all),fence_guard,15,0.8223108416102656,0.2912525646603009,0.6932978801600344,0.8358080484373023,0.5016708697710319,0,0.3,0.9770448351980467
SC-TAS NR (all),fence_guard,24,0.7855832213151202,0.27653719102099933,0.7105166437625066,0.7745105051962204,0.32335174476523065,0,0.3,0.9665073850956208
SC-TAS NR (all),fence_guard,50,0.8400023566967438,0.2662753953201974,0.7180198265541151,0.8504772317722752,0.36767317072562566,0,0.3,0.9805409915731489
SC-TAS NR (all),girl_boat,13,0.8710907049205846,0.32965982560092394,0.6430482431921077,0.8737876828808857,0.4459341977288745,0,0.3,0.9799473093464413
SC-TAS NR (all),girl_boat,31,0.9245606426660115,0.2587801847653915,0.7447147992187431,0.874294916352715,0.34621348527190654,0,0.3,0.9895495778628648
SC-TAS NR (all),girl_boat,66,0.9241988134340426,0.23988033810469278,0.764413759485463,0.9174290134304277,0.33104276185541287,0,0.3,0.9875387079593859
SC-TAS NR (all),girl_boat,86,0.8855516317639025,0.2460765369039548,0.7388120837680046,0.8425298465145757,0.29942217522425185,0,0.3,0.9842187468055734
SC-TAS NR (all),girl_car,12,0.6884137100201361,0.31399359652770376,0.6836502755859722,0.7955952445263577,1.0009100188650342,0,0.3,0.9528225984769
SC-TAS NR (all),girl_car,22,0.7561994868414448,0.2792994555819828,0.705926943167281,0.8472457720382228,0.48489341003457426,0,0.3,0.9630010875634145
SC-TAS NR (all),girl_car,27,0.6704681524392092,0.3188084885946941,0.6758675288259042,0.7872432231609818,0.7335771030211959,0,0.3,0.9588539606694109
SC-TAS NR (all),girl_car,63,0.7532443258648561,0.23376517040790723,0.7574456517003151,0.8316122578375309,0.2599382703229634,0,0.3,0.942242618153299
SC-TAS NR (all),goalkeeper_boy,10,0.8905363953129456,0.2854105025217432,0.7143966250705106,0.8732254323011315,0.6243312893725603,0,0.3,0.9885174944160723
SC-TAS NR (all),goalkeeper_boy,16,0.852986448758837,0.3097376806008991,0.692426765265671,0.8269101647483191,0.8913591098625381,0,0.3,0.9880758655521609
SC-TAS NR (all),goalkeeper_boy,20,0.8811663723403106,0.2784950164653511,0.7167167616963187,0.8471638400876275,0.5201674128122392,0,0.3,0.9875290348532217
SC-TAS NR (all),goalkeeper_boy,62,0.8532803967868645,0.25790790279924936,0.7299312486752751,0.9219673687242684,0.4024857261458017,0,0.3,0.9869127257940492
SC-TAS NR (all),head_statue,14,0.7060115059301961,0.3285399150923613,0.6472183206756718,0.7826558487393669,0.656228354537374,0,0.3,0.9587409991831671
SC-TAS NR (all),head_statue,22,0.7682659979242938,0.3276225680800215,0.6778326819157681,0.8025912404236825,1.0781046273540906,0,0.3,0.9693563897906574
SC-TAS NR (all),head_statue,32,0.8059843236040248,0.34637392243136206,0.6302519202796473,0.7623263762454906,1.4063030921938953,0,0.3,0.9848719566971117
SC-TAS NR (all),head_statue,85,0.7613176755201471,0.3103004945138761,0.6876574804526074,0.8231925523890564,0.6787781858252842,0,0.3,0.9746186247371018
SC-TAS NR (all),hunter_boy,10,0.8736972255423786,0.30257363498208445,0.7134418874031122,0.788643222927992,0.4322017779146007,0,0.3,0.9874784026571787
SC-TAS NR (all),hunter_boy,16,0.8375335424147936,0.31035182842330705,0.6641156314799356,0.7867057470956426,0.44385462191618164,0,0.3,0.9946148591393876
SC-TAS NR (all),hunter_boy,21,0.8990446280144654,0.3151142076992584,0.6925185495618612,0.8041704537303888,0.47853370915180976,0,0.3,0.9942255085267091
SC-TAS NR (all),hunter_boy,44,0.8895824409089697,0.29653167018235627,0.6927444054790651,0.7664641697362087,0.352460435512906,0,0.3,0.9887457663825263
SC-TAS NR (all),kid_bucket,10,0.8898347967318359,0.2972076294208102,0.7077274349134925,0.8010112485516736,0.5126597847204257,0,0.3,0.9782563330079331
SC-TAS NR (all),kid_bucket,22,0.9124436614306134,0.2869191679145617,0.7317273613560396,0.8087852882075314,0.403859520591508,0,0.3,0.9846961182991025
SC-TAS NR (all),kid_bucket,30,0.9082922529727472,0.28282060496602385,0.7226294864809586,0.7464584089385156,0.4286805388736293,0,0.3,0.9841393598578798
SC-TAS NR (all),kid_bucket,32,0.9275904496888097,0.2423595890033678,0.7609144072443936,0.858967440518589,0.2684944398553618,0,0.3,0.9842957231014252
SC-TAS NR (all),kid_rubble,14,0.7799020235680618,0.2922254630648671,0.6733647766569592,0.7667845901616032,0.40075033835566953,0,0.3,0.9683912953557146
SC-TAS NR (all),kid_rubble,19,0.7744799809979,0.3042359576801569,0.6807946742342997,0.7215184689503731,0.5926511473570332,0,0.3,0.9779844487286643
SC-TAS NR (all),kid_rubble,63,0.8409915378688134,0.27342883934558104,0.7218845393499335,0.8587605975993295,0.41328053274841453,0,0.3,0.9827319192480987
SC-TAS NR (all),kid_rubble,71,0.8515136833427913,0.229211943368323,0.7577719766216827,0.8890144507761069,0.23586112391760564,0,0.3,0.9733782050835385
SC-TAS NR (all),laughing_bear,10,0.8056162787996207,0.26744118901384295,0.7118935782305997,0.8987962811315913,0.3149549946426491,0,0.3,0.9943343693160416
SC-TAS NR (all),laughing_bear,11,0.8898122632989964,0.23979164551313878,0.7492650809948969,0.864540245435945,0.2626576534195208,0,0.3,0.9927273303328356
SC-TAS NR (all),laughing_bear,16,0.7497343839787427,0.2824310747575455,0.6933266757712487,0.8486178325806629,0.36514705800478436,0,0.3,0.9919917845859155
SC-TAS NR (all),laughing_bear,24,0.8847001395682018,0.2220021646822708,0.7703924839832685,0.9173671645484515,0.23034679034975197,0,0.3,0.9937287471360747
SC-TAS NR (all),man_desert,10,0.9204102070929979,0.2751553718313091,0.7440994413617136,0.7990051010470668,0.40544293818195326,0,0.3,0.9787877500546771
SC-TAS NR (all),man_desert,11,0.8601876123982952,0.31752902706841674,0.6920460338420642,0.8120911503727142,0.5606742674155667,0,0.3,0.9782745603632081
SC-TAS NR (all),man_desert,16,0.8987860365453885,0.3202341716601928,0.6864406141376425,0.7295904749670008,0.6195238030182773,0,0.3,0.9864152419789916
SC-TAS NR (all),man_desert,19,0.8408025435439629,0.3350009570326957,0.6601395798446713,0.7713847290346052,0.5602807141711906,0,0.3,0.9872840810227416
SC-TAS NR (all),man_door,10,0.8721954632888976,0.2892061778461819,0.7137650268377377,0.7808043048732355,0.5030366859830023,0,0.3,0.9718996870883848
SC-TAS NR (all),man_door,12,0.6898144935230414,0.36299125645683905,0.5900390882007999,0.7971436039824381,0.6733727024140286,0,0.3,0.9850238069853321
SC-TAS NR (all),man_door,16,0.8979001324445675,0.28661489251375355,0.7238832026982697,0.8397249924387751,0.36937230312184716,0,0.3,0.9783164403785387
SC-TAS NR (all),man_door,22,0.8612048706428214,0.25398223506791595,0.7292054759062944,0.8818431553290371,0.2791829481528912,0,0.3,0.9848566426268526
SC-TAS NR (all),man_weaving,10,0.7871391120938778,0.27259364939005104,0.6987248199541022,0.7755857656337702,0.32577404073201993,0,0.3,0.9750805527125378
SC-TAS NR (all),man_weaving,26,0.7830483298821038,0.2454962721092574,0.7342764556087249,0.7999177759551255,0.29151225293780736,0,0.3,0.9826358874006632
SC-TAS NR (all),man_weaving,80,0.8254445441687042,0.20857612378494805,0.7894417437703598,0.8913402243775951,0.19080480178506196,0,0.3,0.9760858094167615
SC-TAS NR (all),man_weaving,87,0.7982318140494092,0.2191034333735573,0.7646724015840509,0.8844083738299015,0.21330478068785388,0,0.3,0.9805202173787203
SC-TAS NR (all),monk,11,0.9365756140498567,0.24946155584155102,0.7734810985864636,0.891832585541364,0.44237862820007356,0,0.3,0.9771689125056012
SC-TAS NR (all),monk,18,0.8706995238477764,0.2945427355519792,0.7191620847019728,0.8811065129931253,0.5971135711028482,0,0.3,0.9737472418676897
SC-TAS NR (all),monk,20,0.8529917066526048,0.2815380130821474,0.7234243612634415,0.8554749469173308,0.39137158861209603,0,0.3,0.9666151169075704
SC-TAS NR (all),monk,61,0.786909691975225,0.31511442833734005,0.6692328591068977,0.7382108439292971,0.4703856708196293,0,0.3,0.95943321584451
SC-TAS NR (all),mountain_chateau,11,0.9142168634077985,0.24252408279478427,0.7655904482926124,0.9524120479240271,0.34494959003220577,0,0.3,0.982996011377433
SC-TAS NR (all),mountain_chateau,42,0.8777624334128525,0.23522490658214093,0.7467011216064211,0.9559504389222819,0.2692916112932453,0,0.3,0.9892723290455612
SC-TAS NR (all),mountain_chateau,43,0.8564007825737143,0.26310328466110516,0.7310723384490906,0.8885097089384866,0.36641655995612676,0,0.3,0.986838124676107
SC-TAS NR (all),mountain_chateau,68,0.8681973388474373,0.23826085689573737,0.7525297716636267,0.9304770030228773,0.29296509790498754,0,0.3,0.9883268360988066
SC-TAS NR (all),satellite,11,0.8260007578162036,0.27570228683084635,0.7172038261280955,0.840924143751969,0.36234138869289456,0,0.3,0.9823570412898126
SC-TAS NR (all),satellite,13,0.7854436506380189,0.2384832785989336,0.7390849912923241,0.8922712257982421,0.24645055656310524,0,0.3,0.9777824014049417
SC-TAS NR (all),satellite,17,0.8566289451996476,0.24796994278970985,0.7408068352220104,0.8965636380050916,0.30619867628528896,0,0.3,0.9817949731309475
SC-TAS NR (all),satellite,82,0.7765118200742827,0.2189977207286225,0.7657225775721674,0.8413421175532636,0.22726697170999147,0,0.3,0.9709602104304482
SC-TAS NR (all),seal_ice,11,0.8629957457025995,0.29972173638786104,0.7085896095328845,0.8534624877413127,0.4678972371269873,0,0.3,0.9824608422338729
SC-TAS NR (all),seal_ice,24,0.8265627042839844,0.28809732244686814,0.7060488442642607,0.8170128494343363,0.3688314214904883,0,0.3,0.9825663844999497
SC-TAS NR (all),seal_ice,60,0.9269688532061005,0.23508583254335755,0.756501154239449,0.8796634085710685,0.26372655386675387,0,0.3,0.9890768288895962
SC-TAS NR (all),seal_ice,85,0.8859943128148547,0.25654167643661724,0.7537303772082932,0.8033595319905155,0.3776424201170056,0,0.3,0.9876939899948004
SC-TAS NR (all),seals_cliff,11,0.6732459520561729,0.3499251015540636,0.6294075351292681,0.6878762112106377,1.0073371645974591,0,0.3,0.9698421219839322
SC-TAS NR (all),seals_cliff,17,0.7949920676604838,0.32520177991381505,0.6891709341225526,0.6951496829237737,1.2637883843907713,0,0.3,0.972342558771374
SC-TAS NR (all),seals_cliff,24,0.7095225121640695,0.30488905363402524,0.6551040994565808,0.8444895930019529,0.5324552681375374,0,0.3,0.9825667695394537
SC-TAS NR (all),seals_cliff,54,0.7878589556605996,0.3049701486151385,0.66993673474993,0.7807501452663181,0.6009218101644215,0,0.3,0.9812089741446295
SC-TAS NR (all),short_man,17,0.7926775455101448,0.2877577089089254,0.7028635826394595,0.870897108007574,0.4747522037466301,0,0.3,0.9804031142929883
SC-TAS NR (all),short_man,49,0.747624730273839,0.2529944325500945,0.7295010018322549,0.904379206609123,0.28182203171041526,0,0.3,0.9762464560834293
SC-TAS NR (all),short_man,80,0.8751531529381722,0.2207254462110523,0.7734104830667927,0.9422279470587067,0.2663384851153533,0,0.3,0.983186566518442
SC-TAS NR (all),short_man,84,0.8834545110638367,0.2425810408544665,0.7634348188287082,0.9363903725030159,0.33712231439968443,0,0.3,0.9835100630297428
SC-TAS NR (all),snow_fox,12,0.8441621037596091,0.32882374185384267,0.6721666581890422,0.814901722237649,1.271982580300388,0,0.3,0.9776182434454456
SC-TAS NR (all),snow_fox,13,0.9080248419704934,0.3190694261662418,0.7234613256381687,0.8053301124699842,1.3216531757009715,0,0.3,0.980726113910236
SC-TAS NR (all),snow_fox,19,0.8966224640471545,0.3053978821215007,0.6919844834266996,0.8876914084008847,1.0272937678773546,0,0.3,0.9827235938710596
SC-TAS NR (all),snow_fox,22,0.8792283878075035,0.28093977993050273,0.7426827224532879,0.8405557551726499,0.5571624265058515,0,0.3,0.9738949848543377
SC-TAS NR (all),standing_bear,11,0.8661490211962559,0.27667088409220064,0.7162671688969652,0.9266878469232687,0.3273406159302481,0,0.3,0.9798982199532882
SC-TAS NR (all),standing_bear,12,0.7529467817225879,0.3076516906790452,0.6557871774074789,0.8528605395911686,0.3912649396509826,0,0.3,0.9782064153308259
SC-TAS NR (all),standing_bear,18,0.780955754061611,0.3198357246529601,0.6675483102144452,0.7754228520489976,0.5075463335902002,0,0.3,0.9766666084689526
SC-TAS NR (all),standing_bear,77,0.8628771331845939,0.2518983984006237,0.7556781150991749,0.7748675645106233,0.370373925970723,0,0.3,0.9679376276101094
SC-TAS NR (all),street_greeting,11,0.8233658944961273,0.3246171763811377,0.6502879256866987,0.663782016930061,0.5919081440605592,0,0.3,0.9881515261599784
SC-TAS NR (all),street_greeting,15,0.8290848089996762,0.3370512560604834,0.6587179808869089,0.7449324800140178,0.7376632508960317,0,0.3,0.990760799945246
SC-TAS NR (all),street_greeting,21,0.8586296719212723,0.2716427179497791,0.7275359438283762,0.8110132799795337,0.3556339174216157,0,0.3,0.9867421092387129
SC-TAS NR (all),street_greeting,48,0.8612064359642179,0.25544799729981965,0.7157102639617392,0.8471307591226955,0.3259139496290856,0,0.3,0.9918403849462346
SC-TAS NR (all),swan_ice,10,0.8952836509329083,0.28580573606456977,0.7304904379186399,0.9394685835610505,0.3796200313763622,0,0.3,0.9731023143189121
SC-TAS NR (all),swan_ice,13,0.7875917491773807,0.30297033788451755,0.6956010463043172,0.8824717104868893,0.38911759722326644,0,0.3,0.9560289681510045
SC-TAS NR (all),swan_ice,20,0.8580607845788343,0.28149153262355014,0.7003368565596898,0.9031664350934373,0.3726961025506457,0,0.3,0.9767403387459926
SC-TAS NR (all),swan_ice,44,0.8047336747959124,0.3190956162991394,0.6487545001305526,0.9020294568163767,0.5584451456796216,0,0.3,0.9783091941681559
SC-TAS NR (all),tiger_leaves,23,0.8604879524237242,0.2613114574588971,0.7162963310644621,0.8092495203368876,0.43799388630424113,0,0.3,0.9881196325216637
SC-TAS NR (all),tiger_leaves,36,0.7922780617260019,0.2623125075062553,0.7116092745169449,0.7925667291414525,0.32596471548671563,0,0.3,0.9843017520946861
SC-TAS NR (all),tiger_leaves,78,0.9111226997672685,0.21033221680740136,0.7974753141821705,0.8850116674529297,0.19657342592621557,0,0.3,0.9827858837028596
SC-TAS NR (all),tiger_leaves,86,0.9149625680312505,0.20724700233638543,0.7875577058799501,0.8514000893047665,0.21805469954041048,0,0.3,0.9857394109241759
SC-TAS NR (all),tourist_shore,12,0.8083522577370852,0.3542833472008112,0.6447755897540811,0.81230715365183,0.9320803228955585,0,0.3,0.9780367793009086
SC-TAS NR (all),tourist_shore,30,0.8701254953460791,0.28301526261853927,0.7162616722012951,0.8970306943612462,0.7938897911115598,0,0.3,0.9785814858483822
SC-TAS NR (all),tourist_shore,73,0.8975266908242047,0.23318197563875268,0.7662098884910757,0.935467242119286,0.3258590610093995,0,0.3,0.9778211572774573
SC-TAS NR (all),tourist_shore,82,0.882555709667078,0.28517981398537706,0.693531241164804,0.853753115646336,0.4822315272375728,0,0.3,0.984362409367337
SC-TAS NR (all),traffic_santa,10,0.7879575266159036,0.3167758334134836,0.6836804953387043,0.8414967953875564,0.9518619403086703,0,0.3,0.9726286653670543
SC-TAS NR (all),traffic_santa,14,0.6735951152055711,0.3492450501560865,0.6597575880156986,0.7819826148005635,1.0040268040537559,0,0.3,0.9639175740982471
SC-TAS NR (all),traffic_santa,16,0.7523897402293456,0.32895726174300516,0.6625653216830395,0.8073188499601123,0.6484812845608907,0,0.3,0.9663507488271614
SC-TAS NR (all),traffic_santa,23,0.7773100586141682,0.3039850152471947,0.6947250750146879,0.8327620772501678,0.5516915573034357,0,0.3,0.9724636877428298
SC-TAS NR (all),two_bears,10,0.8373970321119533,0.2736339284124855,0.719250399324962,0.8840521438979879,0.3232557136220922,0,0.3,0.9837089921641301
SC-TAS NR (all),two_bears,20,0.8828782537588242,0.24909735648760087,0.7392874448322689,0.8384564766214888,0.2830630775093289,0,0.3,0.9885678364935772
SC-TAS NR (all),two_bears,28,0.8030979185724765,0.2446791656970515,0.7302397958867137,0.9140223453428624,0.24875161560051778,0,0.3,0.982776742314014
SC-TAS NR (all),two_bears,72,0.9004085905614464,0.21020767210618568,0.7880853754910264,0.9032772520091596,0.20532238488032542,0,0.3,0.9875346073304024
SC-TAS NR (all),walking_bear,12,0.8040996637708551,0.26164842820644185,0.7287750122137656,0.9227526292321624,0.29423417236693267,0,0.3,0.9666780356666616
SC-TAS NR (all),walking_bear,22,0.713249875056131,0.255002568766117,0.718529185931518,0.8442707718802623,0.2880060026023361,0,0.3,0.977688856546158
SC-TAS NR (all),walking_bear,23,0.7370916501186833,0.25635965360921603,0.7365428439100059,0.8583964399930273,0.30227474101497176,0,0.3,0.9727344074958226
SC-TAS NR (all),walking_bear,39,0.7429740765933155,0.2479525271286375,0.7341068135446178,0.8020632693353901,0.2754868860773085,0,0.3,0.977205938316289
SC-TAS NR (all),wet_bear,10,0.826620041361475,0.3473206131456975,0.653892638056404,0.7449245215609811,1.6940877765411297,0,0.3,0.9822773237577341
SC-TAS NR (all),wet_bear,43,0.8685120394214427,0.29933897222931355,0.7015209255364556,0.8830258922364392,1.1945254709499724,0,0.3,0.9794926832111815
SC-TAS NR (all),wet_bear,47,0.8537614616348665,0.33032503756365933,0.6493165574662771,0.8855636104549485,1.2367955699558173,0,0.3,0.9822613440593838
SC-TAS NR (all),wet_bear,72,0.9115802533462853,0.26131486931607373,0.7546788043176667,0.9157773318706188,0.5632959613726238,0,0.3,0.9796249945116882
SC-TAS NR (all),white_hat,12,0.8695502194292383,0.35946572864544113,0.6208692754835188,0.7380598453656952,0.819697378503316,0,0.3,0.9681554044321116
SC-TAS NR (all),white_hat,19,0.9217973874734893,0.27629183706752725,0.7586433543500419,0.8716005523057287,0.6134978288573184,0,0.3,0.9770895362003048
SC-TAS NR (all),white_hat,27,0.8389054183248638,0.3324584761593266,0.6457273324591762,0.7910436293483903,0.7503285855718912,0,0.3,0.9684325533402764
SC-TAS NR (all),white_hat,79,0.9063751697577407,0.23284056562290376,0.7744119827854101,0.8969736301368534,0.2721544508595917,0,0.3,0.9766103694527839
SC-TAS NR (all),young_cowboy,11,0.798497081975313,0.2840037455642897,0.7157447520401985,0.8717221625233602,0.3636858690099779,0,0.3,0.9888137728946593
SC-TAS NR (all),young_cowboy,18,0.8597290994856257,0.2393295355039853,0.7547847548946768,0.9510619740388117,0.245451055834864,0,0.3,0.9905178802013967
SC-TAS NR (all),young_cowboy,19,0.8190545515458559,0.2676621055134982,0.720126870452414,0.8886981283845784,0.3038663104779698,0,0.3,0.9886681171536076
SC-TAS NR (all),young_cowboy,68,0.855920577848589,0.26076892807617946,0.7250175646391779,0.9350239772731588,0.2916495223803007,0,0.3,0.991417844089138
